Date,transaction_net_twd,external_flow_twd,cash_twd,invested_twd,securities_twd,total_assets_twd
2021-01-11,-17147.0,-17147.0,0.0,17147.0,17199.000396728516,17199.000396728516
2021-01-12,0.0,-0.0,0.0,17147.0,17173.000793457028,17173.000793457028
2021-01-13,0.0,-0.0,0.0,17147.0,17589.000396728516,17589.000396728516
2021-01-14,0.0,-0.0,0.0,17147.0,17426.50039672852,17426.50039672852
2021-01-15,-12240.0,-12240.0,0.0,29387.0,29725.000000000004,29725.000000000004
2021-01-18,0.0,-0.0,0.0,29387.0,29834.195545977247,29834.195545977247
2021-01-19,0.0,-0.0,0.0,29387.0,30703.01707415335,30703.01707415335
2021-01-20,-3180.0,-3180.0,0.0,32567.0,34322.838205600936,34322.838205600936
2021-01-21,0.0,-0.0,0.0,32567.0,35480.54021989164,35480.54021989164
2021-01-22,0.0,-0.0,0.0,32567.0,34374.85972858392,34374.85972858392
2021-01-25,-3220.0,-3220.0,0.0,35787.0,37115.116676716745,37115.116676716745
2021-01-26,0.0,-0.0,0.0,35787.0,36308.453440006,36308.453440006
2021-01-27,0.0,-0.0,0.0,35787.0,36308.64310115846,36308.64310115846
2021-01-28,0.0,-0.0,0.0,35787.0,35546.84296256618,35546.84296256618
2021-01-29,-3015.0,-3015.0,0.0,38802.0,38021.85092379493,38021.85092379493
2021-02-01,0.0,-0.0,0.0,38802.0,38893.201247209516,38893.201247209516
2021-02-02,0.0,-0.0,0.0,38802.0,40053.38959109377,40053.38959109377
2021-02-03,0.0,-0.0,0.0,38802.0,40004.39781087409,40004.39781087409
2021-02-04,0.0,-0.0,0.0,38802.0,39737.61870831447,39737.61870831447
2021-02-05,0.0,-0.0,0.0,38802.0,40140.732489813956,40140.732489813956
2021-02-08,0.0,-0.0,0.0,38802.0,40140.73248981396,40140.73248981396
2021-02-09,0.0,-0.0,0.0,38802.0,40140.73248981396,40140.73248981396
2021-02-10,0.0,-0.0,0.0,38802.0,40140.732489813956,40140.732489813956
2021-02-11,0.0,-0.0,0.0,38802.0,40140.732489813956,40140.732489813956
2021-02-12,0.0,-0.0,0.0,38802.0,40140.73248981396,40140.73248981396
2021-02-15,0.0,-0.0,0.0,38802.0,40140.732489813956,40140.732489813956
2021-02-16,0.0,-0.0,0.0,38802.0,40140.732489813956,40140.732489813956
2021-02-17,0.0,-0.0,0.0,38802.0,42086.306752008546,42086.306752008546
2021-02-18,0.0,-0.0,0.0,38802.0,41977.02850675194,41977.02850675194
2021-02-19,0.0,-0.0,0.0,38802.0,41525.08306861247,41525.08306861247
2021-02-22,-16050.0,-16050.0,0.0,54852.0,57624.642524595634,57624.642524595634
2021-02-23,0.0,-0.0,0.0,54852.0,57350.85772097764,57350.85772097764
2021-02-24,0.0,-0.0,0.0,54852.0,56250.74975685597,56250.74975685597
2021-02-25,0.0,-0.0,0.0,54852.0,56851.57305902643,56851.57305902643
2021-02-26,-2559.0,-2559.0,0.0,57411.0,57611.86044555017,57611.86044555017
2021-03-01,0.0,-0.0,0.0,57411.0,57611.86044555018,57611.86044555018
2021-03-02,0.0,-0.0,0.0,57411.0,57488.12932863533,57488.12932863533
2021-03-03,0.0,-0.0,0.0,57411.0,58370.70715004038,58370.70715004038
2021-03-04,0.0,-0.0,0.0,57411.0,57064.810746815405,57064.810746815405
2021-03-05,0.0,-0.0,0.0,57411.0,56831.86562148414,56831.86562148414
2021-03-08,0.0,-0.0,0.0,57411.0,56810.99554868489,56810.99554868489
2021-03-09,0.0,-0.0,0.0,57411.0,56813.85196462746,56813.85196462746
2021-03-10,0.0,-0.0,0.0,57411.0,57102.38724954403,57102.38724954403
2021-03-11,0.0,-0.0,0.0,57411.0,58276.46401088422,58276.46401088422
2021-03-12,-7760.0,-7760.0,0.0,65171.0,66263.79417344031,66263.79417344031
2021-03-15,0.0,-0.0,0.0,65171.0,66161.92745117145,66161.92745117145
2021-03-16,0.0,-0.0,0.0,65171.0,66445.66203648034,66445.66203648034
2021-03-17,0.0,-0.0,0.0,65171.0,65714.71232192086,65714.71232192086
2021-03-18,0.0,-0.0,0.0,65171.0,65934.68221895509,65934.68221895509
2021-03-19,0.0,-0.0,0.0,65171.0,65014.23668841803,65014.23668841803
2021-03-22,-8865.0,-8865.0,0.0,74036.0,74334.08121700388,74334.08121700388
2021-03-23,0.0,-0.0,0.0,74036.0,74369.03568389795,74369.03568389795
2021-03-24,0.0,-0.0,0.0,74036.0,72912.24129900434,72912.24129900434
2021-03-25,0.0,-0.0,0.0,74036.0,72963.47115507415,72963.47115507415
2021-03-26,0.0,-0.0,0.0,74036.0,74489.40776002327,74489.40776002327
2021-03-29,0.0,-0.0,0.0,74036.0,75203.84457725109,75203.84457725109
2021-03-30,0.0,-0.0,0.0,74036.0,75216.73611418565,75216.73611418565
2021-03-31,0.0,-0.0,0.0,74036.0,74543.60402593139,74543.60402593139
2021-04-01,0.0,-0.0,0.0,74036.0,75476.47141224143,75476.47141224143
2021-04-02,0.0,-0.0,0.0,74036.0,75476.47141224144,75476.47141224144
2021-04-05,0.0,-0.0,0.0,74036.0,75476.47141224143,75476.47141224143
2021-04-06,0.0,-0.0,0.0,74036.0,75476.47141224144,75476.47141224144
2021-04-07,0.0,-0.0,0.0,74036.0,76555.7043870082,76555.7043870082
2021-04-08,0.0,-0.0,0.0,74036.0,76776.00603262117,76776.00603262117
2021-04-09,0.0,-0.0,0.0,74036.0,76653.0333778299,76653.0333778299
2021-04-12,0.0,-0.0,0.0,74036.0,76303.20701815223,76303.20701815223
2021-04-13,0.0,-0.0,0.0,74036.0,76203.66896996695,76203.66896996695
2021-04-14,0.0,-0.0,0.0,74036.0,77003.64547434589,77003.64547434589
2021-04-15,75.0,-0.0,75.0,74036.0,77791.62588268242,77866.62588268243
2021-04-16,0.0,-0.0,75.0,74036.0,77724.09584480953,77799.09584480953
2021-04-19,0.0,-0.0,75.0,74036.0,77236.10287312006,77311.10287312006
2021-04-20,0.0,-0.0,75.0,74036.0,77114.22540064076,77189.22540064076
2021-04-21,0.0,-0.0,75.0,74036.0,76154.34008106902,76229.34008106902
2021-04-22,0.0,-0.0,75.0,74036.0,75900.37998187167,75975.37998187165
2021-04-23,0.0,-0.0,75.0,74036.0,77080.75277045484,77155.75277045484
2021-04-26,0.0,-0.0,75.0,74036.0,78346.74019401814,78421.74019401814
2021-04-27,0.0,-0.0,75.0,74036.0,78406.79384734946,78481.79384734946
2021-04-28,0.0,-0.0,75.0,74036.0,77881.94025421145,77956.94025421145
2021-04-29,0.0,-0.0,75.0,74036.0,77981.16175755473,78056.16175755473
2021-04-30,0.0,-0.0,75.0,74036.0,77981.16175755473,78056.16175755473
2021-05-03,-5960.0,-5885.0,0.0,79921.0,82739.77081474128,82739.77081474128
2021-05-04,0.0,-0.0,0.0,79921.0,82404.1512005238,82404.1512005238
2021-05-05,0.0,-0.0,0.0,79921.0,81761.87669315693,81761.87669315693
2021-05-06,0.0,-0.0,0.0,79921.0,82139.83184012135,82139.83184012135
2021-05-07,0.0,-0.0,0.0,79921.0,83610.86997062061,83610.86997062061
2021-05-10,0.0,-0.0,0.0,79921.0,82997.70367548171,82997.70367548171
2021-05-11,0.0,-0.0,0.0,79921.0,80026.72964865794,80026.72964865794
2021-05-12,0.0,-0.0,0.0,79921.0,77951.11989096522,77951.11989096522
2021-05-13,-6576.0,-6576.0,0.0,86497.0,82557.03048541324,82557.03048541324
2021-05-14,0.0,-0.0,0.0,86497.0,83866.53447539422,83866.53447539422
2021-05-17,0.0,-0.0,0.0,86497.0,82746.35494686784,82746.35494686784
2021-05-18,-5106.0,-5106.0,0.0,91603.0,91702.78243198412,91702.78243198412
2021-05-19,0.0,-0.0,0.0,91603.0,90937.41133907439,90937.41133907439
2021-05-20,0.0,-0.0,0.0,91603.0,90271.02276388583,90271.02276388583
2021-05-21,0.0,-0.0,0.0,91603.0,91154.90197285087,91154.90197285087
2021-05-24,0.0,-0.0,0.0,91603.0,90746.57855353596,90746.57855353596
2021-05-25,0.0,-0.0,0.0,91603.0,92902.32188724497,92902.32188724497
2021-05-26,0.0,-0.0,0.0,91603.0,92959.9325533754,92959.9325533754
2021-05-27,0.0,-0.0,0.0,91603.0,92486.81401257885,92486.81401257885
2021-05-28,0.0,-0.0,0.0,91603.0,93848.87904692357,93848.87904692357
2021-05-31,0.0,-0.0,0.0,91603.0,94908.51920464722,94908.51920464722
2021-06-01,0.0,-0.0,0.0,91603.0,95310.58439541713,95310.58439541713
2021-06-02,0.0,-0.0,0.0,91603.0,94877.18958639885,94877.18958639885
2021-06-03,0.0,-0.0,0.0,91603.0,95187.12127417192,95187.12127417192
2021-06-04,0.0,-0.0,0.0,91603.0,94765.90357996251,94765.90357996251
2021-06-07,0.0,-0.0,0.0,91603.0,94636.17960244013,94636.17960244013
2021-06-08,0.0,-0.0,0.0,91603.0,94142.88007970144,94142.88007970144
2021-06-09,0.0,-0.0,0.0,91603.0,93686.62433899105,93686.62433899105
2021-06-10,0.0,-0.0,0.0,91603.0,95381.66547663338,95381.66547663338
2021-06-11,0.0,-0.0,0.0,91603.0,95631.63530863237,95631.63530863237
2021-06-14,0.0,-0.0,0.0,91603.0,95631.63530863235,95631.63530863235
2021-06-15,0.0,-0.0,0.0,91603.0,96412.26064534401,96412.26064534401
2021-06-16,0.0,-0.0,0.0,91603.0,96046.76790666475,96046.76790666475
2021-06-17,-5203.0,-5203.0,0.0,96806.0,101401.96998885165,101401.96998885165
2021-06-18,0.0,-0.0,0.0,96806.0,101373.31314660012,101373.31314660012
2021-06-21,0.0,-0.0,0.0,96806.0,98599.81032570747,98599.81032570747
2021-06-22,0.0,-0.0,0.0,96806.0,97906.8842208048,97906.8842208048
2021-06-23,0.0,-0.0,0.0,96806.0,99921.40414373334,99921.40414373334
2021-06-24,0.0,-0.0,0.0,96806.0,99578.47023096011,99578.47023096011
2021-06-25,0.0,-0.0,0.0,96806.0,99657.3495524088,99657.3495524088
2021-06-28,0.0,-0.0,0.0,96806.0,99859.0775888424,99859.0775888424
2021-06-29,0.0,-0.0,0.0,96806.0,100087.86253817884,100087.86253817884
2021-06-30,0.0,-0.0,0.0,96806.0,100571.99157180221,100571.99157180221
2021-07-01,0.0,-0.0,0.0,96806.0,100188.83000496548,100188.83000496548
2021-07-02,0.0,-0.0,0.0,96806.0,99840.55751725449,99840.55751725449
2021-07-05,0.0,-0.0,0.0,96806.0,100776.34185636148,100776.34185636148
2021-07-06,0.0,-0.0,0.0,96806.0,100985.8063738232,100985.8063738232
2021-07-07,0.0,-0.0,0.0,96806.0,100853.10552766941,100853.10552766941
2021-07-08,0.0,-0.0,0.0,96806.0,100088.38618452502,100088.38618452502
2021-07-09,0.0,-0.0,0.0,96806.0,99097.86422787825,99097.86422787825
2021-07-12,0.0,-0.0,0.0,96806.0,100044.50991042382,100044.50991042382
2021-07-13,0.0,-0.0,0.0,96806.0,101254.62505831668,101254.62505831668
2021-07-14,-7098.0,-7098.0,0.0,103904.0,108794.13750692371,108794.13750692371
2021-07-15,167.5,-0.0,167.5,103904.0,109546.1555834088,109713.6555834088
2021-07-16,0.0,-0.0,167.5,103904.0,107268.98836168897,107436.48836168897
2021-07-19,0.0,-0.0,167.5,103904.0,106499.48200158733,106666.98200158733
2021-07-20,0.0,-0.0,167.5,103904.0,105774.84280317156,105942.34280317156
2021-07-21,0.0,-0.0,167.5,103904.0,105620.29208933796,105787.79208933796
2021-07-22,0.0,-0.0,167.5,103904.0,106457.42835138319,106624.92835138319
2021-07-23,0.0,-0.0,167.5,103904.0,106074.12269318901,106241.62269318901
2021-07-26,0.0,-0.0,167.5,103904.0,105664.51491352324,105832.01491352324
2021-07-27,0.0,-0.0,167.5,103904.0,105487.17067074993,105654.67067074993
2021-07-28,0.0,-0.0,167.5,103904.0,105073.70500610425,105241.20500610425
2021-07-29,0.0,-0.0,167.5,103904.0,105691.30768863736,105858.80768863736
2021-07-30,0.0,-0.0,167.5,103904.0,105304.34595079286,105471.84595079286
2021-08-02,0.0,-0.0,167.5,103904.0,106701.40488476143,106868.90488476143
2021-08-03,0.0,-0.0,167.5,103904.0,107054.8713186079,107222.3713186079
2021-08-04,0.0,-0.0,167.5,103904.0,107550.35586766529,107717.85586766529
2021-08-05,0.0,-0.0,167.5,103904.0,107305.3482678345,107472.8482678345
2021-08-06,0.0,-0.0,167.5,103904.0,106942.38593344793,107109.88593344793
2021-08-09,0.0,-0.0,167.5,103904.0,107160.52623724627,107328.02623724626
2021-08-10,0.0,-0.0,167.5,103904.0,106403.93678442632,106571.43678442632
2021-08-11,0.0,-0.0,167.5,103904.0,105808.26450662981,105975.76450662981
2021-08-12,-7105.0,-6937.5,0.0,110841.5,112666.17173379837,112666.17173379837
2021-08-13,0.0,-0.0,0.0,110841.5,111633.78853963225,111633.78853963225
2021-08-16,0.0,-0.0,0.0,110841.5,111203.9145056312,111203.9145056312
2021-08-17,0.0,-0.0,0.0,110841.5,110709.3435928208,110709.3435928208
2021-08-18,0.0,-0.0,0.0,110841.5,110379.42912660513,110379.42912660513
2021-08-19,0.0,-0.0,0.0,110841.5,107700.03769591487,107700.03769591487
2021-08-20,0.0,-0.0,0.0,110841.5,106597.55348349104,106597.55348349104
2021-08-23,0.0,-0.0,0.0,110841.5,109167.6774051397,109167.6774051397
2021-08-24,0.0,-0.0,0.0,110841.5,110028.77503190761,110028.77503190761
2021-08-25,-1716.0,-1716.0,0.0,112557.5,113478.00362397256,113478.00362397256
2021-08-26,0.0,-0.0,0.0,112557.5,114288.95378563959,114288.95378563959
2021-08-27,0.0,-0.0,0.0,112557.5,115215.44135195078,115215.44135195078
2021-08-30,0.0,-0.0,0.0,112557.5,116068.66967092743,116068.66967092743
2021-08-31,0.0,-0.0,0.0,112557.5,117389.79111908225,117389.79111908225
2021-09-01,0.0,-0.0,0.0,112557.5,117743.93555359745,117743.93555359745
2021-09-02,0.0,-0.0,0.0,112557.5,116575.16198663083,116575.16198663083
2021-09-03,0.0,-0.0,0.0,112557.5,118340.75937750336,118340.75937750336
2021-09-06,0.0,-0.0,0.0,112557.5,119355.82417905821,119355.82417905821
2021-09-07,0.0,-0.0,0.0,112557.5,118645.15242633256,118645.15242633256
2021-09-08,0.0,-0.0,0.0,112557.5,117498.20730498961,117498.20730498961
2021-09-09,0.0,-0.0,0.0,112557.5,117674.3980156059,117674.3980156059
2021-09-10,0.0,-0.0,0.0,112557.5,118579.76312733271,118579.76312733271
2021-09-13,0.0,-0.0,0.0,112557.5,117908.33918439706,117908.33918439706
2021-09-14,0.0,-0.0,0.0,112557.5,117861.75873087536,117861.75873087536
2021-09-15,0.0,-0.0,0.0,112557.5,116939.49578495084,116939.49578495084
2021-09-16,0.0,-0.0,0.0,112557.5,116502.24522427512,116502.24522427512
2021-09-17,0.0,-0.0,0.0,112557.5,116622.89335167373,116622.89335167373
2021-09-20,0.0,-0.0,0.0,112557.5,116622.89335167372,116622.89335167372
2021-09-21,0.0,-0.0,0.0,112557.5,116622.89335167373,116622.89335167373
2021-09-22,-2363.0,-2363.0,0.0,114920.5,116788.57877886774,116788.57877886774
2021-09-23,0.0,-0.0,0.0,114920.5,117599.60834550014,117599.60834550014
2021-09-24,0.0,-0.0,0.0,114920.5,118868.48921710868,118868.48921710868
2021-09-27,0.0,-0.0,0.0,114920.5,119145.69283046784,119145.69283046784
2021-09-28,0.0,-0.0,0.0,114920.5,118090.4557261315,118090.4557261315
2021-09-29,0.0,-0.0,0.0,114920.5,115736.81980460513,115736.81980460513
2021-09-30,0.0,-0.0,0.0,114920.5,115852.48776373318,115852.48776373318
2021-10-01,0.0,-0.0,0.0,114920.5,114265.98834433139,114265.98834433139
2021-10-04,-6180.0,-6180.0,0.0,121100.5,119583.72048496033,119583.72048496033
2021-10-05,-1530.0,-1530.0,0.0,122630.5,120951.49019549317,120951.49019549317
2021-10-06,0.0,-0.0,0.0,122630.5,120724.05991388204,120724.05991388204
2021-10-07,0.0,-0.0,0.0,122630.5,123459.78358314163,123459.78358314163
2021-10-08,0.0,-0.0,0.0,122630.5,123469.79134191366,123469.79134191366
2021-10-11,0.0,-0.0,0.0,122630.5,123469.79134191363,123469.79134191363
2021-10-12,0.0,-0.0,0.0,122630.5,123198.17983591481,123198.17983591481
2021-10-13,0.0,-0.0,0.0,122630.5,122829.57475171286,122829.57475171286
2021-10-14,184.25,-0.0,184.25,122630.5,122861.73845613864,123045.98845613866
2021-10-15,0.0,-0.0,184.25,122630.5,126651.17576622094,126835.42576622096
2021-10-18,0.0,-0.0,184.25,122630.5,125753.16221800045,125937.41221800045
2021-10-19,0.0,-0.0,184.25,122630.5,127231.63782772231,127415.88782772231
2021-10-20,0.0,-0.0,184.25,122630.5,126988.27722276532,127172.52722276533
2021-10-21,0.0,-0.0,184.25,122630.5,126370.05081804084,126554.30081804085
2021-10-22,0.0,-0.0,184.25,122630.5,126188.42917763456,126372.67917763455
2021-10-25,0.0,-0.0,184.25,122630.5,125509.0851779186,125693.33517791862
2021-10-26,0.0,-0.0,184.25,122630.5,126707.75106371223,126892.00106371223
2021-10-27,0.0,-0.0,184.25,122630.5,126981.34986374581,127165.5998637458
2021-10-28,0.0,-0.0,184.25,122630.5,126538.56884804464,126722.81884804466
2021-10-29,0.0,-0.0,184.25,122630.5,126119.19039215449,126303.44039215447
2021-11-01,-6297.0,-6112.75,0.0,128743.25,133384.89342332454,133384.89342332454
2021-11-02,0.0,-0.0,0.0,128743.25,133346.83978964222,133346.83978964222
2021-11-03,0.0,-0.0,0.0,128743.25,134068.00523701447,134068.00523701447
2021-11-04,0.0,-0.0,0.0,128743.25,133396.5520131812,133396.5520131812
2021-11-05,0.0,-0.0,0.0,128743.25,135485.517815073,135485.517815073
2021-11-08,0.0,-0.0,0.0,128743.25,137182.29364291616,137182.29364291616
2021-11-09,0.0,-0.0,0.0,128743.25,138665.45255355173,138665.45255355173
2021-11-10,0.0,-0.0,0.0,128743.25,138794.2499426437,138794.2499426437
2021-11-11,0.0,-0.0,0.0,128743.25,137641.6366316918,137641.6366316918
2021-11-12,0.0,-0.0,0.0,128743.25,137633.47873488467,137633.47873488467
2021-11-15,0.0,-0.0,0.0,128743.25,138669.34682239185,138669.34682239185
2021-11-16,0.0,-0.0,0.0,128743.25,138497.11983448296,138497.11983448296
2021-11-17,0.0,-0.0,0.0,128743.25,138952.6322948773,138952.6322948773
2021-11-18,0.0,-0.0,0.0,128743.25,139186.22922879708,139186.22922879708
2021-11-19,0.0,-0.0,0.0,128743.25,139941.81670475175,139941.81670475175
2021-11-22,0.0,-0.0,0.0,128743.25,139297.12806029213,139297.12806029213
2021-11-23,0.0,-0.0,0.0,128743.25,138073.2959395957,138073.2959395957
2021-11-24,0.0,-0.0,0.0,128743.25,137160.9827826029,137160.9827826029
2021-11-25,486.0,-0.0,486.0,128743.25,137193.77771384403,137679.77771384403
2021-11-26,0.0,-0.0,486.0,128743.25,135658.3242007438,136144.3242007438
2021-11-29,0.0,-0.0,486.0,128743.25,134868.80109070498,135354.80109070498
2021-11-30,0.0,-0.0,486.0,128743.25,135469.80112565085,135955.80112565085
2021-12-01,0.0,-0.0,486.0,128743.25,137062.27822720725,137548.27822720725
2021-12-02,0.0,-0.0,486.0,128743.25,138501.1634951544,138987.16349515444
2021-12-03,0.0,-0.0,486.0,128743.25,138527.7543950472,139013.7543950472
2021-12-06,0.0,-0.0,486.0,128743.25,137298.62823992653,137784.6282399265
2021-12-07,0.0,-0.0,486.0,128743.25,137893.48539662195,138379.48539662195
2021-12-08,0.0,-0.0,486.0,128743.25,138860.293833176,139346.293833176
2021-12-09,0.0,-0.0,486.0,128743.25,139789.8688559868,140275.8688559868
2021-12-10,0.0,-0.0,486.0,128743.25,139810.06394847817,140296.06394847814
2021-12-13,0.0,-0.0,486.0,128743.25,140084.1418632415,140570.1418632415
2021-12-14,0.0,-0.0,486.0,128743.25,138395.5199177889,138881.5199177889
2021-12-15,0.0,-0.0,486.0,128743.25,138557.5906384911,139043.5906384911
2021-12-16,0.0,-0.0,486.0,128743.25,140436.090138198,140922.090138198
2021-12-17,0.0,-0.0,486.0,128743.25,140160.1428120711,140646.14281207114
2021-12-20,0.0,-0.0,486.0,128743.25,138742.40149131996,139228.40149131996
2021-12-21,0.0,-0.0,486.0,128743.25,139366.18115133778,139852.18115133778
2021-12-22,0.0,-0.0,486.0,128743.25,139842.7566514086,140328.7566514086
2021-12-23,0.0,-0.0,486.0,128743.25,140508.255016751,140994.255016751
2021-12-24,0.0,-0.0,486.0,128743.25,140547.74730052447,141033.74730052447
2021-12-27,15512.0,-0.0,15998.0,128743.25,125729.31624686158,141727.31624686156
2021-12-28,-121037.01457305909,-105039.0145730591,0.0,233782.2645730591,246364.478729145,246364.478729145
2021-12-29,0.2753499984741211,-0.0,0.2753499984683003,233782.2645730591,245037.00883797166,245037.28418797016
2021-12-30,0.0,-0.0,0.2753499984683003,233782.2645730591,245153.93084954692,245154.20619954536
2021-12-31,0.0,-0.0,0.2753499984683003,233782.2645730591,244080.1091154876,244080.38446548607
2022-01-03,0.0,-0.0,0.2753499984683003,233782.2645730591,246280.49564370365,246280.7709937021
2022-01-04,0.0,-0.0,0.2753499984683003,233782.2645730591,245659.15157730758,245659.42692730608
2022-01-05,0.0,-0.0,0.2753499984683003,233782.2645730591,238618.3975118812,238618.67286187966
2022-01-06,0.0,-0.0,0.2753499984683003,233782.2645730591,237885.66354636085,237885.93889635935
2022-01-07,0.0,-0.0,0.2753499984683003,233782.2645730591,233619.94161355696,233620.21696355543
2022-01-10,1406.0,-0.0,1406.2753499984683,233782.2645730591,232927.807168542,234334.08251854047
2022-01-11,0.0,-0.0,1406.2753499984683,233782.2645730591,235525.77828424124,236932.0536342397
2022-01-12,0.0,-0.0,1406.2753499984683,233782.2645730591,237386.82150782074,238793.0968578192
2022-01-13,184.25,-0.0,1590.5253499984683,233782.2645730591,233510.3291399709,235100.85448996938
2022-01-14,-6979.560259876252,-5389.034909877781,0.0,239171.29948293688,240313.54491142926,240313.54491142926
2022-01-17,0.0,-0.0,0.0,239171.29948293688,241579.00166595363,241579.00166595363
2022-01-18,0.0,-0.0,0.0,239171.29948293688,234668.26178537522,234668.26178537522
2022-01-19,0.0,-0.0,0.0,239171.29948293688,232041.6443859556,232041.6443859556
2022-01-20,0.0,-0.0,0.0,239171.29948293688,230504.06197935226,230504.06197935226
2022-01-21,416.0,-0.0,416.0,239171.29948293688,223841.68109411848,224257.68109411848
2022-01-24,0.0,-0.0,416.0,239171.29948293688,225415.71750301958,225831.71750301958
2022-01-25,0.0,-0.0,416.0,239171.29948293688,219904.5696124282,220320.5696124282
2022-01-26,0.0,-0.0,416.0,239171.29948293688,218606.28584419622,219022.28584419622
2022-01-27,0.0,-0.0,416.0,239171.29948293688,218074.91715552885,218490.91715552885
2022-01-28,0.0,-0.0,416.0,239171.29948293688,222678.476389325,223094.47638932496
2022-01-31,0.0,-0.0,416.0,239171.29948293688,227409.79800191865,227825.79800191865
2022-02-01,0.0,-0.0,416.0,239171.29948293688,228057.2821529267,228473.2821529267
2022-02-02,0.0,-0.0,416.0,239171.29948293688,229512.61452106768,229928.61452106768
2022-02-03,0.0,-0.0,416.0,239171.29948293688,222243.48681700448,222659.48681700445
2022-02-04,0.0,-0.0,416.0,239171.29948293688,223046.5278761269,223462.5278761269
2022-02-07,0.0,-0.0,416.0,239171.29948293688,223800.2987247197,224216.2987247197
2022-02-08,0.0,-0.0,416.0,239171.29948293688,226213.41005819876,226629.41005819876
2022-02-09,0.0,-0.0,416.0,239171.29948293688,230020.72416129493,230436.72416129493
2022-02-10,0.0,-0.0,416.0,239171.29948293688,226543.00329605653,226959.00329605653
2022-02-11,-10002.0,-9586.0,0.0,248757.29948293688,232172.10433634568,232172.10433634568
2022-02-14,0.0,-0.0,0.0,248757.29948293688,229798.43485985586,229798.43485985586
2022-02-15,0.0,-0.0,0.0,248757.29948293688,232520.5494267577,232520.5494267577
2022-02-16,0.0,-0.0,0.0,248757.29948293688,234907.04121943496,234907.04121943496
2022-02-17,0.0,-0.0,0.0,248757.29948293688,230722.97483491618,230722.97483491618
2022-02-18,0.0,-0.0,0.0,248757.29948293688,229321.86033967778,229321.86033967778
2022-02-21,0.0,-0.0,0.0,248757.29948293688,228703.2383381818,228703.2383381818
2022-02-22,0.0,-0.0,0.0,248757.29948293688,224983.63338460439,224983.63338460439
2022-02-23,0.0,-0.0,0.0,248757.29948293688,221869.9928932412,221869.9928932412
2022-02-24,0.0,-0.0,0.0,248757.29948293688,222299.8199310639,222299.8199310639
2022-02-25,0.0,-0.0,0.0,248757.29948293688,224783.13689594134,224783.13689594134
2022-02-28,0.0,-0.0,0.0,248757.29948293688,226086.33394669447,226086.33394669447
2022-03-01,0.0,-0.0,0.0,248757.29948293688,226511.01247526277,226511.01247526277
2022-03-02,0.0,-0.0,0.0,248757.29948293688,226515.05911425466,226515.05911425466
2022-03-03,0.0,-0.0,0.0,248757.29948293688,225260.6775020474,225260.6775020474
2022-03-04,0.0,-0.0,0.0,248757.29948293688,223070.15889688104,223070.15889688104
2022-03-07,0.0,-0.0,0.0,248757.29948293688,215057.09582023657,215057.09582023657
2022-03-08,218.00718812942523,-0.0,218.0071881294134,248757.29948293688,210232.86833546488,210450.8755235943
2022-03-09,0.0,-0.0,218.0071881294134,248757.29948293688,215860.28326269673,216078.29045082614
2022-03-10,0.0,-0.0,218.0071881294134,248757.29948293688,217139.05045778045,217357.05764590987
2022-03-11,-15227.0,-15008.992811870616,0.0,263766.2922948075,227271.8620953236,227271.8620953236
2022-03-14,0.0,-0.0,0.0,263766.2922948075,223266.2954388554,223266.2954388554
2022-03-15,0.0,-0.0,0.0,263766.2922948075,224907.93256206263,224907.93256206263
2022-03-16,0.0,-0.0,0.0,263766.2922948075,231792.8042858458,231792.8042858458
2022-03-17,0.0,-0.0,0.0,263766.2922948075,237499.3851609621,237499.3851609621
2022-03-18,0.0,-0.0,0.0,263766.2922948075,240501.23401683528,240501.23401683528
2022-03-21,0.0,-0.0,0.0,263766.2922948075,240791.06445499757,240791.06445499757
2022-03-22,0.0,-0.0,0.0,263766.2922948075,243746.76556266507,243746.76556266507
2022-03-23,0.0,-0.0,0.0,263766.2922948075,243619.32365791406,243619.32365791406
2022-03-24,0.0,-0.0,0.0,263766.2922948075,247531.8831986384,247531.8831986384
2022-03-25,0.0,-0.0,0.0,263766.2922948075,247714.96342724646,247714.96342724646
2022-03-28,0.0,-0.0,0.0,263766.2922948075,249894.4669885826,249894.4669885826
2022-03-29,0.5756740188598632,-0.0,0.575674018880818,263766.2922948075,254362.79596567212,254363.371639691
2022-03-30,0.0,-0.0,0.575674018880818,263766.2922948075,253359.18466443243,253359.7603384513
2022-03-31,0.0,-0.0,0.575674018880818,263766.2922948075,249943.8067539965,249944.38242801538
2022-04-01,0.0,-0.0,0.575674018880818,263766.2922948075,248886.50335607844,248887.07903009735
2022-04-04,0.0,-0.0,0.575674018880818,263766.2922948075,253037.1158222513,253037.6914962702
2022-04-05,0.0,-0.0,0.575674018880818,263766.2922948075,247150.77349448073,247151.34916849958
2022-04-06,102.00539253234865,-0.0,102.58106655121082,263766.2922948075,241821.17298770748,241923.7540542587
2022-04-07,0.0,-0.0,102.58106655121082,263766.2922948075,239478.16541724678,239580.746483798
2022-04-08,0.0,-0.0,102.58106655121082,263766.2922948075,237010.16006221203,237112.74112876327
2022-04-11,-55123.0,-55020.41893344879,0.0,318786.7112282563,285099.0031026471,285099.0031026471
2022-04-12,0.0,-0.0,0.0,318786.7112282563,283990.608272257,283990.608272257
2022-04-13,0.0,-0.0,0.0,318786.7112282563,290102.35665370757,290102.35665370757
2022-04-14,0.0,-0.0,0.0,318786.7112282563,284512.2870383566,284512.2870383566
2022-04-15,0.0,-0.0,0.0,318786.7112282563,281761.4073570612,281761.4073570612
2022-04-18,0.0,-0.0,0.0,318786.7112282563,280632.16044254915,280632.16044254915
2022-04-19,0.0,-0.0,0.0,318786.7112282563,285523.78713315335,285523.78713315335
2022-04-20,0.0,-0.0,0.0,318786.7112282563,284980.59244085726,284980.59244085726
2022-04-21,0.0,-0.0,0.0,318786.7112282563,281163.4497552574,281163.4497552574
2022-04-22,0.0,-0.0,0.0,318786.7112282563,275317.05635901354,275317.05635901354
2022-04-25,0.0,-0.0,0.0,318786.7112282563,273151.47132754076,273151.47132754076
2022-04-26,0.0,-0.0,0.0,318786.7112282563,267896.28622256895,267896.28622256895
2022-04-27,0.0,-0.0,0.0,318786.7112282563,263518.14451502066,263518.14451502066
2022-04-28,0.0,-0.0,0.0,318786.7112282563,269779.5327738105,269779.5327738105
2022-04-29,0.0,-0.0,0.0,318786.7112282563,265260.8267150144,265260.8267150144
2022-05-02,0.0,-0.0,0.0,318786.7112282563,266704.04568637797,266704.04568637797
2022-05-03,0.0,-0.0,0.0,318786.7112282563,265106.166290638,265106.166290638
2022-05-04,0.0,-0.0,0.0,318786.7112282563,270204.56503248063,270204.56503248063
2022-05-05,0.0,-0.0,0.0,318786.7112282563,263670.79311456886,263670.79311456886
2022-05-06,0.0,-0.0,0.0,318786.7112282563,258412.26000840336,258412.26000840336
2022-05-09,0.0,-0.0,0.0,318786.7112282563,250463.92403172972,250463.92403172972
2022-05-10,0.0,-0.0,0.0,318786.7112282563,251269.80013143647,251269.80013143647
2022-05-11,0.0,-0.0,0.0,318786.7112282563,247959.0551101246,247959.0551101246
2022-05-12,0.0,-0.0,0.0,318786.7112282563,243571.5528216828,243571.5528216828
2022-05-13,0.0,-0.0,0.0,318786.7112282563,249052.45484399356,249052.45484399356
2022-05-16,0.0,-0.0,0.0,318786.7112282563,248496.31558621573,248496.31558621573
2022-05-17,0.0,-0.0,0.0,318786.7112282563,252354.00248130615,252354.00248130615
2022-05-18,0.0,-0.0,0.0,318786.7112282563,249244.5679672084,249244.5679672084
2022-05-19,-15741.0,-15741.0,0.0,334527.7112282563,260764.61148971514,260764.61148971514
2022-05-20,0.0,-0.0,0.0,334527.7112282563,261848.19468729547,261848.19468729547
2022-05-23,0.0,-0.0,0.0,334527.7112282563,263424.31569024705,263424.31569024705
2022-05-24,0.0,-0.0,0.0,334527.7112282563,259400.28201805404,259400.28201805404
2022-05-25,0.0,-0.0,0.0,334527.7112282563,262451.88837096654,262451.88837096654
2022-05-26,0.0,-0.0,0.0,334527.7112282563,262892.0411092238,262892.0411092238
2022-05-27,0.0,-0.0,0.0,334527.7112282563,270494.96279878024,270494.96279878024
2022-05-30,0.0,-0.0,0.0,334527.7112282563,275366.465665078,275366.465665078
2022-05-31,0.0,-0.0,0.0,334527.7112282563,274293.72951183276,274293.72951183276
2022-06-01,0.0,-0.0,0.0,334527.7112282563,273394.27288132836,273394.27288132836
2022-06-02,0.0,-0.0,0.0,334527.7112282563,274913.25219662586,274913.25219662586
2022-06-03,0.0,-0.0,0.0,334527.7112282563,271497.5879022804,271497.5879022804
2022-06-06,0.0,-0.0,0.0,334527.7112282563,273467.63616022223,273467.63616022223
2022-06-07,0.0,-0.0,0.0,334527.7112282563,273000.8631737417,273000.8631737417
2022-06-08,0.0,-0.0,0.0,334527.7112282563,274300.7108013567,274300.7108013567
2022-06-09,0.0,-0.0,0.0,334527.7112282563,270433.4914211925,270433.4914211925
2022-06-10,0.0,-0.0,0.0,334527.7112282563,264152.7263187316,264152.7263187316
2022-06-13,-17805.0,-17805.0,0.0,352332.7112282563,270369.51450269454,270369.51450269454
2022-06-14,0.0,-0.0,0.0,352332.7112282563,269091.2800503981,269091.2800503981
2022-06-15,0.0,-0.0,0.0,352332.7112282563,269370.2859328073,269370.2859328073
2022-06-16,0.0,-0.0,0.0,352332.7112282563,265827.0577739545,265827.0577739545
2022-06-17,0.0,-0.0,0.0,352332.7112282563,264381.6501609835,264381.6501609835
2022-06-20,0.0,-0.0,0.0,352332.7112282563,261958.93637101943,261958.93637101943
2022-06-21,0.0,-0.0,0.0,352332.7112282563,267236.29096157703,267236.29096157703
2022-06-22,0.0,-0.0,0.0,352332.7112282563,264316.6714687585,264316.6714687585
2022-06-23,0.0,-0.0,0.0,352332.7112282563,264208.4613321425,264208.4613321425
2022-06-24,0.0,-0.0,0.0,352332.7112282563,268326.4440657152,268326.4440657152
2022-06-27,0.0,-0.0,0.0,352332.7112282563,271748.8325053737,271748.8325053737
2022-06-28,0.0,-0.0,0.0,352332.7112282563,266843.4842201703,266843.4842201703
2022-06-29,0.8901299858093263,-0.0,0.8901299858116545,352332.7112282563,265361.398123224,265362.28825320984
2022-06-30,0.0,-0.0,0.8901299858116545,352332.7112282563,260453.5733225617,260454.4634525475
2022-07-01,0.0,-0.0,0.8901299858116545,352332.7112282563,254870.33601519326,254871.22614517904
2022-07-04,0.0,-0.0,0.8901299858116545,352332.7112282563,254317.24240003282,254318.13253001863
2022-07-05,0.0,-0.0,0.8901299858116545,352332.7112282563,257723.27207154833,257724.16220153414
2022-07-06,0.0,-0.0,0.8901299858116545,352332.7112282563,255395.14440268395,255396.03453266976
2022-07-07,117.66260042190552,-0.0,118.55273040774046,352332.7112282563,261396.5567698176,261515.10950022534
2022-07-08,0.0,-0.0,118.55273040774046,352332.7112282563,263219.60321202903,263338.1559424368
2022-07-11,0.0,-0.0,118.55273040774046,352332.7112282563,260081.57472192842,260200.12745233616
2022-07-12,0.0,-0.0,118.55273040774046,352332.7112282563,255381.1281183228,255499.68084873052
2022-07-13,0.0,-0.0,118.55273040774046,352332.7112282563,260317.47313512888,260436.0258655366
2022-07-14,0.0,-0.0,118.55273040774046,352332.7112282563,260398.64508147226,260517.19781187997
2022-07-15,0.0,-0.0,118.55273040774046,352332.7112282563,264744.83536927914,264863.3880996869
2022-07-18,2615.0,-0.0,2733.5527304077405,352332.7112282563,263097.24247252184,265830.7952029296
2022-07-19,-1313.0,-0.0,1420.5527304077405,352332.7112282563,266596.52252426883,268017.0752546766
2022-07-20,0.0,-0.0,1420.5527304077405,352332.7112282563,270542.7819452498,271963.33467565756
2022-07-21,0.0,-0.0,1420.5527304077405,352332.7112282563,275091.30396765127,276511.856698059
2022-07-22,0.0,-0.0,1420.5527304077405,352332.7112282563,274462.8378444582,275883.3905748659
2022-07-25,0.0,-0.0,1420.5527304077405,352332.7112282563,272820.37152299716,274240.9242534049
2022-07-26,0.0,-0.0,1420.5527304077405,352332.7112282563,269033.16999488475,270453.7227252925
2022-07-27,0.0,-0.0,1420.5527304077405,352332.7112282563,274617.76476840157,276038.3174988093
2022-07-28,71.0,-0.0,1491.5527304077405,352332.7112282563,276697.22549180425,278188.778222212
2022-07-29,0.0,-0.0,1491.5527304077405,352332.7112282563,281388.13540384045,282879.6881342482
2022-08-01,0.0,-0.0,1491.5527304077405,352332.7112282563,282472.43171462714,283963.9844450349
2022-08-02,0.0,-0.0,1491.5527304077405,352332.7112282563,279311.1576318307,280802.71036223846
2022-08-03,0.0,-0.0,1491.5527304077405,352332.7112282563,283258.59481823375,284750.1475486415
2022-08-04,0.0,-0.0,1491.5527304077405,352332.7112282563,283634.3941210627,285125.94685147045
2022-08-05,0.0,-0.0,1491.5527304077405,352332.7112282563,285725.7304286424,287217.28315905016
2022-08-08,0.0,-0.0,1491.5527304077405,352332.7112282563,285398.0148509122,286889.56758132
2022-08-09,0.0,-0.0,1491.5527304077405,352332.7112282563,283663.7659218713,285155.3186522791
2022-08-10,0.0,-0.0,1491.5527304077405,352332.7112282563,285011.4002412652,286502.95297167293
2022-08-11,0.0,-0.0,1491.5527304077405,352332.7112282563,287317.2965124168,288808.84924282454
2022-08-12,0.0,-0.0,1491.5527304077405,352332.7112282563,291480.95918636577,292972.5119167735
2022-08-15,0.0,-0.0,1491.5527304077405,352332.7112282563,294870.5442670078,296362.09699741553
2022-08-16,0.0,-0.0,1491.5527304077405,352332.7112282563,295149.9139649393,296641.466695347
2022-08-17,0.0,-0.0,1491.5527304077405,352332.7112282563,293565.41909801797,295056.9718284257
2022-08-18,-3676.0,-2184.4472695922595,0.0,354517.15849784855,295965.9991022438,295965.9991022438
2022-08-19,0.0,-0.0,0.0,354517.15849784855,293306.9794888871,293306.9794888871
2022-08-22,0.0,-0.0,0.0,354517.15849784855,287275.6210971972,287275.6210971972
2022-08-23,0.0,-0.0,0.0,354517.15849784855,283675.574567716,283675.574567716
2022-08-24,0.0,-0.0,0.0,354517.15849784855,283421.9170182116,283421.9170182116
2022-08-25,0.0,-0.0,0.0,354517.15849784855,288188.3284288551,288188.3284288551
2022-08-26,0.0,-0.0,0.0,354517.15849784855,284709.89208126726,284709.89208126726
2022-08-29,0.0,-0.0,0.0,354517.15849784855,277559.3414959668,277559.3414959668
2022-08-30,0.0,-0.0,0.0,354517.15849784855,277069.7956636932,277069.7956636932
2022-08-31,0.0,-0.0,0.0,354517.15849784855,277092.6424186255,277092.6424186255
2022-09-01,0.0,-0.0,0.0,354517.15849784855,272005.65299256495,272005.65299256495
2022-09-02,0.0,-0.0,0.0,354517.15849784855,270431.8648572836,270431.8648572836
2022-09-05,0.0,-0.0,0.0,354517.15849784855,270182.56262852676,270182.56262852676
2022-09-06,0.0,-0.0,0.0,354517.15849784855,269726.7994041477,269726.7994041477
2022-09-07,0.0,-0.0,0.0,354517.15849784855,268526.46700390783,268526.46700390783
2022-09-08,0.0,-0.0,0.0,354517.15849784855,271461.5782366661,271461.5782366661
2022-09-09,0.0,-0.0,0.0,354517.15849784855,273761.0136503063,273761.0136503063
2022-09-12,0.0,-0.0,0.0,354517.15849784855,279550.95498640236,279550.95498640236
2022-09-13,0.0,-0.0,0.0,354517.15849784855,274858.44791070593,274858.44791070593
2022-09-14,0.0,-0.0,0.0,354517.15849784855,271134.11318264814,271134.11318264814
2022-09-15,0.0,-0.0,0.0,354517.15849784855,270115.5920846742,270115.5920846742
2022-09-16,0.0,-0.0,0.0,354517.15849784855,267125.64850598655,267125.64850598655
2022-09-19,0.0,-0.0,0.0,354517.15849784855,267389.1119171335,267389.1119171335
2022-09-20,0.0,-0.0,0.0,354517.15849784855,268025.6444375509,268025.6444375509
2022-09-21,0.0,-0.0,0.0,354517.15849784855,264915.73991619097,264915.73991619097
2022-09-22,0.0,-0.0,0.0,354517.15849784855,260641.37639068553,260641.37639068553
2022-09-23,-5505.0,-5505.0,0.0,360022.15849784855,263454.2698485885,263454.2698485885
2022-09-26,0.0,-0.0,0.0,360022.15849784855,258861.17130389868,258861.17130389868
2022-09-27,-1237.4088500022888,-1237.4088500022772,0.0,361259.5673478508,259100.9337660212,259100.9337660212
2022-09-28,0.0,-0.0,0.0,361259.5673478508,257608.77197422774,257608.77197422774
2022-09-29,0.0,-0.0,0.0,361259.5673478508,256055.15710438523,256055.15710438523
2022-09-30,0.0,-0.0,0.0,361259.5673478508,250947.08018597105,250947.08018597105
2022-10-03,0.0,-0.0,0.0,361259.5673478508,250768.27600315577,250768.27600315577
2022-10-04,0.0,-0.0,0.0,361259.5673478508,258405.68072514923,258405.68072514923
2022-10-05,0.0,-0.0,0.0,361259.5673478508,261740.98126480173,261740.98126480173
2022-10-06,120.41977169036866,-0.0,120.41977169038728,361259.5673478508,262016.4063268253,262136.82609851565
2022-10-07,0.0,-0.0,120.41977169038728,361259.5673478508,254847.5262500256,254967.946021716
2022-10-10,0.0,-0.0,120.41977169038728,361259.5673478508,253838.49681566597,253958.91658735633
2022-10-11,-6013.0,-5892.580228309613,0.0,367152.14757616044,250000.65735948365,250000.65735948365
2022-10-12,0.0,-0.0,0.0,367152.14757616044,249415.3034166156,249415.3034166156
2022-10-13,0.0,-0.0,0.0,367152.14757616044,248586.48147982216,248586.48147982216
2022-10-14,0.0,-0.0,0.0,367152.14757616044,251600.53053213685,251600.53053213685
2022-10-17,0.0,-0.0,0.0,367152.14757616044,250100.35954352972,250100.35954352972
2022-10-18,0.0,-0.0,0.0,367152.14757616044,255002.49225713967,255002.49225713967
2022-10-19,0.0,-0.0,0.0,367152.14757616044,252765.60931745576,252765.60931745576
2022-10-20,0.0,-0.0,0.0,367152.14757616044,250974.0898556438,250974.0898556438
2022-10-21,0.0,-0.0,0.0,367152.14757616044,250832.92746836838,250832.92746836838
2022-10-24,0.0,-0.0,0.0,367152.14757616044,253341.62537686102,253341.62537686102
2022-10-25,0.0,-0.0,0.0,367152.14757616044,254053.75046199202,254053.75046199202
2022-10-26,0.0,-0.0,0.0,367152.14757616044,254364.33328301975,254364.33328301975
2022-10-27,0.0,-0.0,0.0,367152.14757616044,254577.88876940045,254577.88876940045
2022-10-28,0.0,-0.0,0.0,367152.14757616044,254328.3402691967,254328.3402691967
2022-10-31,0.32113998413085937,-0.0,0.32113998412387446,367152.14757616044,256939.8708546488,256940.1919946329
2022-11-01,0.0,-0.0,0.32113998412387446,367152.14757616044,257205.77146215603,257206.09260214012
2022-11-02,0.0,-0.0,0.32113998412387446,367152.14757616044,254456.5221677605,254456.84330774462
2022-11-03,0.0,-0.0,0.32113998412387446,367152.14757616044,250086.721054387,250087.0421943711
2022-11-04,0.0,-0.0,0.32113998412387446,367152.14757616044,250226.03300456758,250226.3541445517
2022-11-07,0.0,-0.0,0.32113998412387446,367152.14757616044,253571.7184458877,253572.03958587183
2022-11-08,0.0,-0.0,0.32113998412387446,367152.14757616044,255927.2702795952,255927.5914195793
2022-11-09,0.0,-0.0,0.32113998412387446,367152.14757616044,257879.97592750646,257880.29706749058
2022-11-10,0.0,-0.0,0.32113998412387446,367152.14757616044,261562.3083443694,261562.62948435356
2022-11-11,0.0,-0.0,0.32113998412387446,367152.14757616044,271537.9178981803,271538.2390381644
2022-11-14,-1906.0,-1905.6788600158761,0.0,369057.8264361763,273545.8236564262,273545.8236564262
2022-11-15,-1000.0,-1000.0,0.0,370057.8264361763,281876.14467845793,281876.14467845793
2022-11-16,769.0,-0.0,769.0,370057.8264361763,281512.7287805102,282281.7287805102
2022-11-17,0.0,-0.0,769.0,370057.8264361763,280796.77768553485,281565.77768553485
2022-11-18,0.0,-0.0,769.0,370057.8264361763,280600.3193937838,281369.3193937838
2022-11-21,0.0,-0.0,769.0,370057.8264361763,278981.17341529956,279750.17341529956
2022-11-22,0.0,-0.0,769.0,370057.8264361763,281621.610788951,282390.610788951
2022-11-23,0.0,-0.0,769.0,370057.8264361763,284871.6539291963,285640.65392919624
2022-11-24,0.0,-0.0,769.0,370057.8264361763,286486.9704567889,287255.9704567889
2022-11-25,0.0,-0.0,769.0,370057.8264361763,285064.35039237805,285833.35039237805
2022-11-28,0.0,-0.0,769.0,370057.8264361763,281211.2371451532,281980.2371451532
2022-11-29,0.0,-0.0,769.0,370057.8264361763,280947.8766442438,281716.8766442438
2022-11-30,0.0,-0.0,769.0,370057.8264361763,285562.6795438258,286331.6795438258
2022-12-01,0.0,-0.0,769.0,370057.8264361763,290708.7874684444,291477.7874684444
2022-12-02,0.0,-0.0,769.0,370057.8264361763,288879.2134973614,289648.21349736146
2022-12-05,0.0,-0.0,769.0,370057.8264361763,286314.7587574886,287083.7587574886
2022-12-06,0.0,-0.0,769.0,370057.8264361763,281125.4305952995,281894.4305952995
2022-12-07,0.0,-0.0,769.0,370057.8264361763,279881.60072891804,280650.600728918
2022-12-08,0.0,-0.0,769.0,370057.8264361763,279008.71952059626,279777.71952059626
2022-12-09,0.0,-0.0,769.0,370057.8264361763,280087.5327220958,280856.5327220958
2022-12-12,0.0,-0.0,769.0,370057.8264361763,279841.53910247324,280610.5391024733
2022-12-13,0.0,-0.0,769.0,370057.8264361763,281069.8960228443,281838.8960228443
2022-12-14,0.0,-0.0,769.0,370057.8264361763,283280.2623765856,284049.26237658557
2022-12-15,0.0,-0.0,769.0,370057.8264361763,280995.1429624375,281764.1429624374
2022-12-16,-3512.0,-2743.0,0.0,372800.8264361763,279138.4616623332,279138.4616623332
2022-12-19,0.0,-0.0,0.0,372800.8264361763,275645.466859036,275645.466859036
2022-12-20,0.0,-0.0,0.0,372800.8264361763,270745.49896777753,270745.49896777753
2022-12-21,0.0,-0.0,0.0,372800.8264361763,273019.6184374954,273019.6184374954
2022-12-22,0.0,-0.0,0.0,372800.8264361763,274815.5148514742,274815.5148514742
2022-12-23,0.0,-0.0,0.0,372800.8264361763,271431.0963355564,271431.0963355564
2022-12-26,0.0,-0.0,0.0,372800.8264361763,272386.80199231306,272386.80199231306
2022-12-27,0.0,-0.0,0.0,372800.8264361763,271238.33765253215,271238.33765253215
2022-12-28,1.8433259582519532,-0.0,1.8433259582379833,372800.8264361763,267201.38174307364,267203.2250690319
2022-12-29,118.9173624801636,-0.0,120.7606884384295,372800.8264361763,267875.3527964958,267996.11348493426
2022-12-30,86.21107955932618,-0.0,206.97176799777662,372800.8264361763,268927.4469620317,269134.4187300295
2023-01-02,0.0,-0.0,206.97176799777662,372800.8264361763,268882.64237785654,269089.6141458543
2023-01-03,0.0,-0.0,206.97176799777662,372800.8264361763,270559.11415870016,270766.0859266979
2023-01-04,0.0,-0.0,206.97176799777662,372800.8264361763,270488.90419928095,270695.8759672787
2023-01-05,0.0,-0.0,206.97176799777662,372800.8264361763,270905.99853604834,271112.97030404606
2023-01-06,0.0,-0.0,206.97176799777662,372800.8264361763,273586.0549561393,273793.02672413713
2023-01-09,0.0,-0.0,206.97176799777662,372800.8264361763,280193.0335035133,280400.0052715111
2023-01-10,0.0,-0.0,206.97176799777662,372800.8264361763,280824.76389561675,281031.7356636145
2023-01-11,0.0,-0.0,206.97176799777662,372800.8264361763,282508.1715468075,282715.1433148053
2023-01-12,-3285.0,-3078.0282320022234,0.0,375878.85466817854,287413.31712411426,287413.31712411426
2023-01-13,0.0,-0.0,0.0,375878.85466817854,289212.4690355344,289212.4690355344
2023-01-16,-3745.0,-3745.0,0.0,379623.85466817854,294356.42722905887,294356.42722905887
2023-01-17,0.0,-0.0,0.0,379623.85466817854,294039.8774969987,294039.8774969987
2023-01-18,0.0,-0.0,0.0,379623.85466817854,293717.15599618194,293717.15599618194
2023-01-19,0.0,-0.0,0.0,379623.85466817854,292640.49945257464,292640.49945257464
2023-01-20,0.0,-0.0,0.0,379623.85466817854,294257.61636856716,294257.61636856716
2023-01-23,0.0,-0.0,0.0,379623.85466817854,295748.4485812789,295748.4485812789
2023-01-24,0.0,-0.0,0.0,379623.85466817854,295990.3418695265,295990.3418695265
2023-01-25,0.0,-0.0,0.0,379623.85466817854,295832.4437298434,295832.4437298434
2023-01-26,0.0,-0.0,0.0,379623.85466817854,297227.6875381006,297227.6875381006
2023-01-27,0.0,-0.0,0.0,379623.85466817854,297925.3688413748,297925.3688413748
2023-01-30,390.0,-0.0,390.0,379623.85466817854,304484.0426424626,304874.04264246253
2023-01-31,0.3009499931335449,-0.0,390.3009499931359,379623.85466817854,301370.1019487764,301760.4028987696
2023-02-01,0.0,-0.0,390.3009499931359,379623.85466817854,305219.9140789087,305610.2150289018
2023-02-02,0.0,-0.0,390.3009499931359,379623.85466817854,310308.3771429796,310698.6780929727
2023-02-03,0.0,-0.0,390.3009499931359,379623.85466817854,308358.0303441818,308748.33129417495
2023-02-06,0.0,-0.0,390.3009499931359,379623.85466817854,305933.0250186477,306323.32596864086
2023-02-07,0.0,-0.0,390.3009499931359,379623.85466817854,307693.28873806255,308083.5896880557
2023-02-08,0.0,-0.0,390.3009499931359,379623.85466817854,309399.4013292256,309789.70227921876
2023-02-09,0.0,-0.0,390.3009499931359,379623.85466817854,307726.3759099092,308116.67685990233
2023-02-10,0.0,-0.0,390.3009499931359,379623.85466817854,306240.1749094658,306630.4758594589
2023-02-13,-102646.70989391327,-102256.4089439201,0.0,481880.26361209864,411397.1651077514,411397.1651077514
2023-02-14,57799.0,-0.0,57799.0,481880.26361209864,356861.5662218741,414660.5662218741
2023-02-15,-6970.0,-0.0,50829.0,481880.26361209864,361409.1812086942,412238.1812086941
2023-02-16,0.0,-0.0,50829.0,481880.26361209864,359116.10329321644,409945.1032932165
2023-02-17,0.0,-0.0,50829.0,481880.26361209864,355145.4660211104,405974.4660211104
2023-02-20,0.0,-0.0,50829.0,481880.26361209864,356151.7716273187,406980.7716273187
2023-02-21,0.0,-0.0,50829.0,481880.26361209864,349823.36600427516,400652.36600427516
2023-02-22,0.0,-0.0,50829.0,481880.26361209864,349069.68783761084,399898.68783761084
2023-02-23,0.0,-0.0,50829.0,481880.26361209864,353771.50617291976,404600.50617291976
2023-02-24,197.4451661682129,-0.0,51026.44516616821,481880.26361209864,348088.53218971903,399114.9773558872
2023-02-27,0.0,-0.0,51026.44516616821,481880.26361209864,351183.10270364827,402209.5478698165
2023-02-28,4.895647888183594,-0.0,51031.3408140564,481880.26361209864,350532.21021729824,401563.55103135464
2023-03-01,0.0,-0.0,51031.3408140564,481880.26361209864,349967.3046932071,400998.6455072635
2023-03-02,0.0,-0.0,51031.3408140564,481880.26361209864,350115.0215825667,401146.3623966231
2023-03-03,0.0,-0.0,51031.3408140564,481880.26361209864,355744.1163933518,406775.4572074082
2023-03-06,0.0,-0.0,51031.3408140564,481880.26361209864,357219.97742578405,408251.31823984045
2023-03-07,0.0,-0.0,51031.3408140564,481880.26361209864,356020.53461027396,407051.8754243303
2023-03-08,0.0,-0.0,51031.3408140564,481880.26361209864,356065.11801190354,407096.45882595994
2023-03-09,0.0,-0.0,51031.3408140564,481880.26361209864,352212.5605209034,403243.9013349598
2023-03-10,0.0,-0.0,51031.3408140564,481880.26361209864,348588.24705364887,399619.58786770527
2023-03-13,0.0,-0.0,51031.3408140564,481880.26361209864,349877.0170392471,400908.3578533035
2023-03-14,0.0,-0.0,51031.3408140564,481880.26361209864,349105.11892010603,400136.45973416243
2023-03-15,0.0,-0.0,51031.3408140564,481880.26361209864,350234.8321389432,401266.17295299954
2023-03-16,-3397.0,-0.0,47634.3408140564,481880.26361209864,357977.97294462094,405612.31375867734
2023-03-17,0.0,-0.0,47634.3408140564,481880.26361209864,359814.0609935124,407448.4018075688
2023-03-20,0.0,-0.0,47634.3408140564,481880.26361209864,359919.65655213466,407553.99736619106
2023-03-21,0.0,-0.0,47634.3408140564,481880.26361209864,363024.4584013988,410658.79921545525
2023-03-22,0.0,-0.0,47634.3408140564,481880.26361209864,363619.2775284039,411253.6183424603
2023-03-23,0.0,-0.0,47634.3408140564,481880.26361209864,365950.3930881958,413584.7339022522
2023-03-24,0.0,-0.0,47634.3408140564,481880.26361209864,367208.58481706306,414842.92563111946
2023-03-27,-3522.0,-0.0,44112.3408140564,481880.26361209864,368501.18491623935,412613.52573029575
2023-03-28,1.5081500053405765,-0.0,44113.84896406176,481880.26361209864,365176.17761058384,409290.0265746456
2023-03-29,409.05059074401856,-0.0,44522.89955480577,481880.26361209864,370602.0210078218,415124.9205626276
2023-03-30,-1247.0,-0.0,43275.89955480577,481880.26361209864,376211.62796118,419487.5275159857
2023-03-31,5.159839878082276,-0.0,43281.05939468386,481880.26361209864,380553.9571837478,423835.0165784316
2023-04-03,0.0,-0.0,43281.05939468386,481880.26361209864,381180.0510550232,424461.1104497071
2023-04-04,0.0,-0.0,43281.05939468386,481880.26361209864,380238.6522393513,423519.71163403516
2023-04-05,0.0,-0.0,43281.05939468386,481880.26361209864,378187.2198630822,421468.2792577661
2023-04-06,187.52051258087158,-0.0,43468.579907264735,481880.26361209864,380685.8316885537,424154.4115958184
2023-04-07,0.0,-0.0,43468.579907264735,481880.26361209864,379872.06563156785,423340.6455388325
2023-04-10,0.0,-0.0,43468.579907264735,481880.26361209864,378922.53989470395,422391.1198019687
2023-04-11,-2798.0,-0.0,40670.579907264735,481880.26361209864,381155.4748553289,421826.05476259365
2023-04-12,0.0,-0.0,40670.579907264735,481880.26361209864,378733.72912032745,419404.3090275922
2023-04-13,0.0,-0.0,40670.579907264735,481880.26361209864,380105.64404726296,420776.2239545277
2023-04-14,-6995.0,-0.0,33675.579907264735,481880.26361209864,388355.34035725496,422030.9202645197
2023-04-17,0.0,-0.0,33675.579907264735,481880.26361209864,388162.6263808095,421838.20628807426
2023-04-18,0.0,-0.0,33675.579907264735,481880.26361209864,387619.03598304914,421294.6158903139
2023-04-19,0.0,-0.0,33675.579907264735,481880.26361209864,385833.1862963412,419508.7662036059
2023-04-20,0.0,-0.0,33675.579907264735,481880.26361209864,384591.040792382,418266.6206996467
2023-04-21,0.0,-0.0,33675.579907264735,481880.26361209864,383855.1394062828,417530.71931354754
2023-04-24,-2738.0,-0.0,30937.579907264735,481880.26361209864,386698.7174339354,417636.2973412001
2023-04-25,0.0,-0.0,30937.579907264735,481880.26361209864,379789.352244808,410726.9321520728
2023-04-26,0.0,-0.0,30937.579907264735,481880.26361209864,379047.9420221173,409985.52192938206
2023-04-27,0.0,-0.0,30937.579907264735,481880.26361209864,384489.64358820807,415427.2234954728
2023-04-28,4.9002880859375,-0.0,30942.480195350654,481880.26361209864,389329.9747493544,420272.4549447051
2023-05-01,0.0,-0.0,30942.480195350654,481880.26361209864,388326.4062444476,419268.8864397983
2023-05-02,0.0,-0.0,30942.480195350654,481880.26361209864,387801.4080437239,418743.8882390746
2023-05-03,0.0,-0.0,30942.480195350654,481880.26361209864,385790.0181596191,416732.4983549698
2023-05-04,0.0,-0.0,30942.480195350654,481880.26361209864,384130.70516073063,415073.1853560813
2023-05-05,0.0,-0.0,30942.480195350654,481880.26361209864,389251.2375401207,420193.7177354713
2023-05-08,0.0,-0.0,30942.480195350654,481880.26361209864,390001.99646667123,420944.4766620219
2023-05-09,0.0,-0.0,30942.480195350654,481880.26361209864,389392.4681062977,420334.9483016484
2023-05-10,0.0,-0.0,30942.480195350654,481880.26361209864,391030.29693305615,421972.7771284068
2023-05-11,0.0,-0.0,30942.480195350654,481880.26361209864,391226.47763535735,422168.95783070795
2023-05-12,0.0,-0.0,30942.480195350654,481880.26361209864,389753.97491409304,420696.45510944375
2023-05-15,0.0,-0.0,30942.480195350654,481880.26361209864,390665.28187704453,421607.7620723951
2023-05-16,-1683.4866816711406,-0.0,29258.99351367954,481880.26361209864,394665.88168372505,423924.8751974046
2023-05-17,0.0,-0.0,29258.99351367954,481880.26361209864,401694.65767245606,430953.6511861356
2023-05-18,0.0,-0.0,29258.99351367954,481880.26361209864,409887.5336121006,439146.5271257801
2023-05-19,0.0,-0.0,29258.99351367954,481880.26361209864,409600.6616189749,438859.6551326545
2023-05-22,0.0,-0.0,29258.99351367954,481880.26361209864,409316.46886254975,438575.46237622935
2023-05-23,-3530.0,-0.0,25728.99351367954,481880.26361209864,409288.41368674,435017.40720041946
2023-05-24,0.0,-0.0,25728.99351367954,481880.26361209864,407580.0941939275,433309.087707607
2023-05-25,0.0,-0.0,25728.99351367954,481880.26361209864,417110.9760046525,442839.969518332
2023-05-26,-5985.0,-0.0,19743.99351367954,481880.26361209864,435515.0168692403,455259.01038291986
2023-05-29,0.0,-0.0,19743.99351367954,481880.26361209864,436415.43430145446,456159.42781513405
2023-05-30,0.0,-0.0,19743.99351367954,481880.26361209864,437347.3856819217,457091.3791956012
2023-05-31,4.889808044433594,-0.0,19748.88332172396,481880.26361209864,434667.49059754965,454416.37391927355
2023-06-01,0.0,-0.0,19748.88332172396,481880.26361209864,437757.0094176304,457505.89273935434
2023-06-02,0.0,-0.0,19748.88332172396,481880.26361209864,444177.5533234748,463926.4366451988
2023-06-05,0.0,-0.0,19748.88332172396,481880.26361209864,445263.3465531197,465012.2298748437
2023-06-06,0.0,-0.0,19748.88332172396,481880.26361209864,445949.1128748807,465697.9961966047
2023-06-07,0.0,-0.0,19748.88332172396,481880.26361209864,444467.24005529226,464216.1233770162
2023-06-08,0.0,-0.0,19748.88332172396,481880.26361209864,445994.41590974305,465743.299231467
2023-06-09,0.0,-0.0,19748.88332172396,481880.26361209864,450951.1132921498,470699.9966138738
2023-06-12,0.0,-0.0,19748.88332172396,481880.26361209864,458323.7585958037,478072.64191752765
2023-06-13,0.0,-0.0,19748.88332172396,481880.26361209864,465923.52063887264,485672.40396059665
2023-06-14,0.0,-0.0,19748.88332172396,481880.26361209864,466723.2631612166,486472.14648294053
2023-06-15,-3133.0,-0.0,16615.88332172396,481880.26361209864,476781.2854913511,493397.16881307506
2023-06-16,-6079.0,-0.0,10536.883321723959,481880.26361209864,480356.3052697519,490893.18859147583
2023-06-19,0.0,-0.0,10536.883321723959,481880.26361209864,480352.9652081441,490889.84852986806
2023-06-20,0.0,-0.0,10536.883321723959,481880.26361209864,479359.9383812375,489896.82170296146
2023-06-21,0.0,-0.0,10536.883321723959,481880.26361209864,476354.3069780883,486891.19029981224
2023-06-22,0.0,-0.0,10536.883321723959,481880.26361209864,479165.1085902028,489701.9919119268
2023-06-23,0.0,-0.0,10536.883321723959,481880.26361209864,476459.4467105693,486996.3300322933
2023-06-26,0.0,-0.0,10536.883321723959,481880.26361209864,469205.348579689,479742.231901413
2023-06-27,0.0,-0.0,10536.883321723959,481880.26361209864,472666.4795211542,483203.3628428781
2023-06-28,221.60352325439456,-0.0,10758.486844978353,481880.26361209864,472538.62027800235,483297.1071229807
2023-06-29,-1643.0,-0.0,9115.486844978353,481880.26361209864,473938.0441851184,483053.53103009675
2023-06-30,4.3564220046997075,-0.0,9119.84326698305,481880.26361209864,481568.7769431543,490688.62021013733
2023-07-03,0.0,-0.0,9119.84326698305,481880.26361209864,485549.3221924263,494669.16545940936
2023-07-04,0.0,-0.0,9119.84326698305,481880.26361209864,488590.494853489,497710.33812047204
2023-07-05,205.73635414123538,-0.0,9325.579621124314,481880.26361209864,486252.3098361726,495577.88945729693
2023-07-06,6760.0,-0.0,16085.579621124314,481880.26361209864,471638.59040182794,487724.1700229522
2023-07-07,159.1406544494629,-0.0,16244.720275573782,481880.26361209864,469730.4134990543,485975.1337746281
2023-07-10,0.0,-0.0,16244.720275573782,481880.26361209864,470158.2842101355,486403.0044857093
2023-07-11,0.0,-0.0,16244.720275573782,481880.26361209864,476502.59122331016,492747.311498884
2023-07-12,-7484.0,-0.0,8760.720275573782,481880.26361209864,491370.43404539285,500131.15432096657
2023-07-13,-7614.0,-0.0,1146.7202755737817,481880.26361209864,505237.26954799244,506383.9898235662
2023-07-14,0.0,-0.0,1146.7202755737817,481880.26361209864,506169.0300365328,507315.7503121065
2023-07-17,0.0,-0.0,1146.7202755737817,481880.26361209864,509643.35627719754,510790.0765527714
2023-07-18,4326.0,-0.0,5472.720275573782,481880.26361209864,510473.46361811674,515946.1838936906
2023-07-19,0.0,-0.0,5472.720275573782,481880.26361209864,508528.5053928947,514001.2256684685
2023-07-20,-3740.0,-0.0,1732.7202755737817,481880.26361209864,504933.39106388116,506666.11133945495
2023-07-21,0.0,-0.0,1732.7202755737817,481880.26361209864,502225.31976549805,503958.0400410718
2023-07-24,0.0,-0.0,1732.7202755737817,481880.26361209864,508549.93571894965,510282.65599452343
2023-07-25,0.0,-0.0,1732.7202755737817,481880.26361209864,513108.3670047071,514841.0872802809
2023-07-26,0.0,-0.0,1732.7202755737817,481880.26361209864,508770.0914315629,510502.8117071367
2023-07-27,-51939.0,-50206.27972442622,0.0,532086.5433365249,559943.0181471368,559943.0181471368
2023-07-28,0.0,-0.0,0.0,532086.5433365249,568663.8218657277,568663.8218657277
2023-07-31,4.703025054931641,-0.0,4.7030250548850745,532086.5433365249,565767.8420180571,565772.545043112
2023-08-01,0.0,-0.0,4.7030250548850745,532086.5433365249,566493.4524652794,566498.1554903343
2023-08-02,0.0,-0.0,4.7030250548850745,532086.5433365249,553402.8392594361,553407.542284491
2023-08-03,620.0,-0.0,624.7030250548851,532086.5433365249,551854.5097280864,552479.2127531413
2023-08-04,0.0,-0.0,624.7030250548851,532086.5433365249,549785.5932370267,550410.2962620816
2023-08-07,0.0,-0.0,624.7030250548851,532086.5433365249,557369.7650227774,557994.4680478324
2023-08-08,0.0,-0.0,624.7030250548851,532086.5433365249,552426.8626032622,553051.5656283172
2023-08-09,0.0,-0.0,624.7030250548851,532086.5433365249,549279.865019353,549904.5680444078
2023-08-10,0.0,-0.0,624.7030250548851,532086.5433365249,543523.6276721831,544148.330697238
2023-08-11,0.0,-0.0,624.7030250548851,532086.5433365249,541348.3457818439,541973.0488068986
2023-08-14,-7824.0,-7199.296974945115,0.0,539285.84031147,550309.565769542,550309.565769542
2023-08-15,0.0,-0.0,0.0,539285.84031147,549101.6575902348,549101.6575902348
2023-08-16,0.0,-0.0,0.0,539285.84031147,544692.8872505691,544692.8872505691
2023-08-17,0.0,-0.0,0.0,539285.84031147,540607.4466451972,540607.4466451972
2023-08-18,0.0,-0.0,0.0,539285.84031147,536317.6906739372,536317.6906739372
2023-08-21,-7974.0,-7974.0,0.0,547259.84031147,547927.7294814206,547927.7294814206
2023-08-22,0.0,-0.0,0.0,547259.84031147,551928.0529204824,551928.0529204824
2023-08-23,0.0,-0.0,0.0,547259.84031147,560691.5739070949,560691.5739070949
2023-08-24,0.0,-0.0,0.0,547259.84031147,559083.1960066978,559083.1960066978
2023-08-25,0.0,-0.0,0.0,547259.84031147,554500.0330451614,554500.0330451614
2023-08-28,0.0,-0.0,0.0,547259.84031147,558847.4506273966,558847.4506273966
2023-08-29,0.0,-0.0,0.0,547259.84031147,569546.8184808865,569546.8184808865
2023-08-30,0.0,-0.0,0.0,547259.84031147,573534.6653848903,573534.6653848903
2023-08-31,-6641.230180072785,-6641.230180072831,0.0,553901.0704915428,578331.5779711204,578331.5779711204
2023-09-01,0.0,-0.0,0.0,553901.0704915428,576122.8024318196,576122.8024318196
2023-09-04,0.0,-0.0,0.0,553901.0704915428,577793.9665349307,577793.9665349307
2023-09-05,0.0,-0.0,0.0,553901.0704915428,576174.7390657421,576174.7390657421
2023-09-06,0.0,-0.0,0.0,553901.0704915428,571654.6626231034,571654.6626231034
2023-09-07,0.0,-0.0,0.0,553901.0704915428,567123.2557323762,567123.2557323762
2023-09-08,0.0,-0.0,0.0,553901.0704915428,566566.9705552671,566566.9705552671
2023-09-11,-7865.0,-7865.0,0.0,561766.0704915428,574485.6578805526,574485.6578805526
2023-09-12,0.0,-0.0,0.0,561766.0704915428,571372.1366098134,571372.1366098134
2023-09-13,0.0,-0.0,0.0,561766.0704915428,572432.4558637543,572432.4558637543
2023-09-14,0.0,-0.0,0.0,561766.0704915428,580399.2311237138,580399.2311237138
2023-09-15,-6794.0,-6794.0,0.0,568560.0704915428,581441.3829397855,581441.3829397855
2023-09-18,0.0,-0.0,0.0,568560.0704915428,576784.1418964404,576784.1418964404
2023-09-19,0.0,-0.0,0.0,568560.0704915428,573712.3372442718,573712.3372442718
2023-09-20,0.0,-0.0,0.0,568560.0704915428,567946.3642077855,567946.3642077855
2023-09-21,0.0,-0.0,0.0,568560.0704915428,556163.668220494,556163.668220494
2023-09-22,0.0,-0.0,0.0,568560.0704915428,556822.1649350617,556822.1649350617
2023-09-25,0.0,-0.0,0.0,568560.0704915428,559391.237527009,559391.237527009
2023-09-26,-7733.0,-7733.0,0.0,576293.0704915428,557795.5693780581,557795.5693780581
2023-09-27,249.7928500366211,-0.0,249.79285003663972,576293.0704915428,559347.3048250942,559597.0976751308
2023-09-28,5.478385925292969,-0.0,255.2712359619327,576293.0704915428,562739.0266436555,562994.2978796174
2023-09-29,0.6412159729003907,-0.0,255.9124519348843,576293.0704915428,561808.3354551125,562064.2479070474
2023-10-02,0.0,-0.0,255.9124519348843,576293.0704915428,569911.9255742844,570167.8380262194
2023-10-03,202.56364128112793,-0.0,458.4760932159843,576293.0704915428,561421.4972556814,561879.9733488974
2023-10-04,0.0,-0.0,458.4760932159843,576293.0704915428,561105.5327840477,561564.0088772635
2023-10-05,166.62258544921878,-0.0,625.0986786652356,576293.0704915428,564137.1836942948,564762.28237296
2023-10-06,0.0,-0.0,625.0986786652356,576293.0704915428,570124.3466941755,570749.4453728409
2023-10-09,0.0,-0.0,625.0986786652356,576293.0704915428,572204.1670637127,572829.265742378
2023-10-10,0.0,-0.0,625.0986786652356,576293.0704915428,574285.2078799052,574910.3065585705
2023-10-11,0.0,-0.0,625.0986786652356,576293.0704915428,581031.4486741567,581656.5473528219
2023-10-12,0.0,-0.0,625.0986786652356,576293.0704915428,583197.8542590279,583822.9529376931
2023-10-13,0.0,-0.0,625.0986786652356,576293.0704915428,577710.6990524217,578335.7977310871
2023-10-16,0.0,-0.0,625.0986786652356,576293.0704915428,578552.3467314319,579177.445410097
2023-10-17,-7949.0,-7323.901321334764,0.0,583616.9718128776,585148.7586565288,585148.7586565288
2023-10-18,0.0,-0.0,0.0,583616.9718128776,574940.0441266318,574940.0441266318
2023-10-19,0.0,-0.0,0.0,583616.9718128776,570993.1701546655,570993.1701546655
2023-10-20,0.0,-0.0,0.0,583616.9718128776,565094.7618846124,565094.7618846124
2023-10-23,0.0,-0.0,0.0,583616.9718128776,561497.0652661325,561497.0652661325
2023-10-24,0.0,-0.0,0.0,583616.9718128776,565792.6830697393,565792.6830697393
2023-10-25,0.0,-0.0,0.0,583616.9718128776,557832.3832423214,557832.3832423214
2023-10-26,0.0,-0.0,0.0,583616.9718128776,545135.4063959812,545135.4063959812
2023-10-27,0.0,-0.0,0.0,583616.9718128776,546989.2527017795,546989.2527017795
2023-10-30,7.455220336914063,-0.0,7.455220336909406,583616.9718128776,549576.1632997061,549583.618520043
2023-10-31,0.0,-0.0,7.455220336909406,583616.9718128776,546439.6546089711,546447.109829308
2023-11-01,-92828.15394233703,-92820.69872200012,0.0,676437.6705348777,649055.1871589688,649055.1871589688
2023-11-02,60432.0,-0.0,60432.0,676437.6705348777,607273.7457205616,667705.7457205616
2023-11-03,0.0,-0.0,60432.0,676437.6705348777,612397.4456473073,672829.4456473073
2023-11-06,0.0,-0.0,60432.0,676437.6705348777,615854.9944377181,676286.9944377181
2023-11-07,0.0,-0.0,60432.0,676437.6705348777,620737.7552997519,681169.7552997519
2023-11-08,0.0,-0.0,60432.0,676437.6705348777,624442.7374709611,684874.7374709611
2023-11-09,0.0,-0.0,60432.0,676437.6705348777,620990.3330054564,681422.3330054564
2023-11-10,0.0,-0.0,60432.0,676437.6705348777,630295.6114667129,690727.6114667129
2023-11-13,0.0,-0.0,60432.0,676437.6705348777,633989.374996475,694421.374996475
2023-11-14,0.0,-0.0,60432.0,676437.6705348777,647023.2712481468,707455.2712481468
2023-11-15,0.0,-0.0,60432.0,676437.6705348777,648730.0980421726,709162.0980421726
2023-11-16,2884.0,-0.0,63316.0,676437.6705348777,647573.3656449867,710889.3656449867
2023-11-17,0.0,-0.0,63316.0,676437.6705348777,647116.7646326005,710432.7646326005
2023-11-20,0.0,-0.0,63316.0,676437.6705348777,652235.6994028363,715551.6994028363
2023-11-21,0.0,-0.0,63316.0,676437.6705348777,652228.1202421739,715544.1202421739
2023-11-22,0.0,-0.0,63316.0,676437.6705348777,649990.5951482073,713306.5951482074
2023-11-23,0.0,-0.0,63316.0,676437.6705348777,651065.1330550555,714381.1330550554
2023-11-24,0.0,-0.0,63316.0,676437.6705348777,650187.8847465306,713503.8847465306
2023-11-27,0.0,-0.0,63316.0,676437.6705348777,647758.0944271368,711074.0944271368
2023-11-28,0.0,-0.0,63316.0,676437.6705348777,652049.1833352526,715365.1833352527
2023-11-29,8.443439826965331,-0.0,63324.44343982695,676437.6705348777,650632.9932086928,713957.4366485197
2023-11-30,-2856.0,-0.0,60468.44343982695,676437.6705348777,651173.9016110196,711642.3450508466
2023-12-01,0.0,-0.0,60468.44343982695,676437.6705348777,657689.4935521323,718157.9369919592
2023-12-04,0.0,-0.0,60468.44343982695,676437.6705348777,649481.2602302361,709949.703670063
2023-12-05,0.0,-0.0,60468.44343982695,676437.6705348777,651290.4649736333,711758.9084134602
2023-12-06,0.0,-0.0,60468.44343982695,676437.6705348777,653380.7806847576,713849.2241245847
2023-12-07,0.0,-0.0,60468.44343982695,676437.6705348777,658802.4976360552,719270.9410758822
2023-12-08,0.0,-0.0,60468.44343982695,676437.6705348777,661718.578117377,722187.021557204
2023-12-11,0.0,-0.0,60468.44343982695,676437.6705348777,665321.4186036908,725789.8620435178
2023-12-12,0.0,-0.0,60468.44343982695,676437.6705348777,669461.3018296774,729929.7452695044
2023-12-13,0.0,-0.0,60468.44343982695,676437.6705348777,680130.134511901,740598.5779517279
2023-12-14,0.0,-0.0,60468.44343982695,676437.6705348777,683973.4503492138,744441.8937890409
2023-12-15,0.0,-0.0,60468.44343982695,676437.6705348777,686870.8425686414,747339.2860084684
2023-12-18,0.0,-0.0,60468.44343982695,676437.6705348777,691996.1856627271,752464.629102554
2023-12-19,0.0,-0.0,60468.44343982695,676437.6705348777,695061.2791455848,755529.7225854117
2023-12-20,-19315.29607128144,-0.0,41153.14736854553,676437.6705348777,704985.2738066256,746138.4211751712
2023-12-21,0.0,-0.0,41153.14736854553,676437.6705348777,708259.5053432531,749412.6527117987
2023-12-22,0.0,-0.0,41153.14736854553,676437.6705348777,707068.7910514269,748221.9384199725
2023-12-25,0.0,-0.0,41153.14736854553,676437.6705348777,707863.0953319853,749016.2427005309
2023-12-26,353.20858907699585,-0.0,41506.35595762252,676437.6705348777,714193.6675911307,755700.0235487532
2023-12-27,0.0,-0.0,41506.35595762252,676437.6705348777,718298.4071877954,759804.7631454179
2023-12-28,902.545161819458,-0.0,42408.90111944196,676437.6705348777,716618.1125063978,759027.0136258397
2023-12-29,0.0,-0.0,42408.90111944196,676437.6705348777,711411.0619704174,753819.9630898593
2024-01-01,0.0,-0.0,42408.90111944196,676437.6705348777,711228.5167200381,753637.4178394801
2024-01-02,0.0,-0.0,42408.90111944196,676437.6705348777,699316.8281586888,741725.7292781309
2024-01-03,0.0,-0.0,42408.90111944196,676437.6705348777,689214.9517041451,731623.852823587
2024-01-04,0.0,-0.0,42408.90111944196,676437.6705348777,686554.7294679323,728963.6305873742
2024-01-05,0.0,-0.0,42408.90111944196,676437.6705348777,685116.9441829472,727525.8453023891
2024-01-08,0.0,-0.0,42408.90111944196,676437.6705348777,697437.8035244937,739846.7046439357
2024-01-09,0.0,-0.0,42408.90111944196,676437.6705348777,696021.0587048961,738429.9598243381
2024-01-10,0.0,-0.0,42408.90111944196,676437.6705348777,700822.6432012685,743231.5443207105
2024-01-11,0.0,-0.0,42408.90111944196,676437.6705348777,706127.1869275478,748536.0880469898
2024-01-12,-5928.0,-0.0,36480.90111944196,676437.6705348777,708262.8864913955,744743.7876108374
2024-01-15,-12062.0,-0.0,24418.901119441958,676437.6705348777,722708.004489587,747126.905609029
2024-01-16,0.0,-0.0,24418.901119441958,676437.6705348777,718759.6289433528,743178.5300627949
2024-01-17,0.0,-0.0,24418.901119441958,676437.6705348777,714787.3992940679,739206.3004135098
2024-01-18,0.0,-0.0,24418.901119441958,676437.6705348777,723986.4254065693,748405.3265260112
2024-01-19,0.0,-0.0,24418.901119441958,676437.6705348777,749615.7203226802,774034.621442122
2024-01-22,0.0,-0.0,24418.901119441958,676437.6705348777,754003.6206244631,778422.5217439049
2024-01-23,0.0,-0.0,24418.901119441958,676437.6705348777,756254.1608215843,780673.0619410262
2024-01-24,0.0,-0.0,24418.901119441958,676437.6705348777,759654.6320927183,784073.5332121602
2024-01-25,0.0,-0.0,24418.901119441958,676437.6705348777,764299.5075177801,788718.408637222
2024-01-26,0.0,-0.0,24418.901119441958,676437.6705348777,759926.1264598708,784345.0275793128
2024-01-29,0.0,-0.0,24418.901119441958,676437.6705348777,770749.0568409676,795167.9579604095
2024-01-30,7.484399871826174,-0.0,24426.385519313742,676437.6705348777,767080.3547828944,791506.7403022081
2024-01-31,0.0,-0.0,24426.385519313742,676437.6705348777,750367.6209880932,774794.006507407
2024-02-01,0.0,-0.0,24426.385519313742,676437.6705348777,761576.4604555685,786002.8459748824
2024-02-02,-3935.0,-0.0,20491.385519313742,676437.6705348777,778500.4239907783,798991.8095100919
2024-02-05,0.0,-0.0,20491.385519313742,676437.6705348777,779100.9191460446,799592.3046653584
2024-02-06,-15046.791243991851,-0.0,5444.594275321928,676437.6705348777,794436.3154473868,799880.9097227087
2024-02-07,0.0,-0.0,5444.594275321928,676437.6705348777,798745.8992736655,804190.4935489874
2024-02-08,0.0,-0.0,5444.594275321928,676437.6705348777,801131.6145463866,806576.2088217086
2024-02-09,0.0,-0.0,5444.594275321928,676437.6705348777,806312.7501307846,811757.3444061065
2024-02-12,0.0,-0.0,5444.594275321928,676437.6705348777,804930.5111445639,810375.1054198858
2024-02-13,0.0,-0.0,5444.594275321928,676437.6705348777,791626.2383023727,797070.8325776947
2024-02-14,0.0,-0.0,5444.594275321928,676437.6705348777,801225.4409118984,806670.0351872203
2024-02-15,0.0,-0.0,5444.594275321928,676437.6705348777,823257.0991460447,828701.6934213666
2024-02-16,0.0,-0.0,5444.594275321928,676437.6705348777,815303.8871381623,820748.4814134842
2024-02-19,0.0,-0.0,5444.594275321928,676437.6705348777,814405.0212578501,819849.615533172
2024-02-20,-14331.290219726561,-8886.695944404579,0.0,685324.3664792823,825154.4647835051,825154.4647835051
2024-02-21,-8261.0,-8261.0,0.0,693585.3664792823,827837.7394821915,827837.7394821915
2024-02-22,0.0,-0.0,0.0,693585.3664792823,852436.0064965988,852436.0064965988
2024-02-23,0.0,-0.0,0.0,693585.3664792823,854633.4324105633,854633.4324105633
2024-02-26,-1680.0,-1680.0,0.0,695265.3664792823,857777.2474394827,857777.2474394827
2024-02-27,0.0,-0.0,0.0,695265.3664792823,855785.4754693242,855785.4754693242
2024-02-28,9.788560066223145,-0.0,9.78856006625574,695265.3664792823,853444.2116438602,853454.0002039265
2024-02-29,0.0,-0.0,9.78856006625574,695265.3664792823,862435.5432883956,862445.3318484619
2024-03-01,317.09745290756223,-0.0,326.88601297384594,695265.3664792823,873487.2694456859,873814.1554586597
2024-03-04,0.0,-0.0,326.88601297384594,695265.3664792823,880314.3002101675,880641.1862231415
2024-03-05,0.0,-0.0,326.88601297384594,695265.3664792823,873628.505463572,873955.391476546
2024-03-06,-8632.0,-8305.113987026154,0.0,703570.4804663084,890481.1819952929,890481.1819952929
2024-03-07,0.0,-0.0,0.0,703570.4804663084,907876.0919588995,907876.0919588995
2024-03-08,0.0,-0.0,0.0,703570.4804663084,902983.366078268,902983.366078268
2024-03-11,-13782.70421218872,-13782.70421218872,0.0,717353.1846784971,911020.0643485617,911020.0643485617
2024-03-12,0.0,-0.0,0.0,717353.1846784971,923396.2027932602,923396.2027932602
2024-03-13,0.0,-0.0,0.0,717353.1846784971,918081.7452166602,918081.7452166602
2024-03-14,0.0,-0.0,0.0,717353.1846784971,912253.7456617961,912253.7456617961
2024-03-15,0.0,-0.0,0.0,717353.1846784971,901124.9326725054,901124.9326725054
2024-03-18,0.0,-0.0,0.0,717353.1846784971,910408.0022326054,910408.0022326054
2024-03-19,0.0,-0.0,0.0,717353.1846784971,912652.8096246815,912652.8096246815
2024-03-20,0.0,-0.0,0.0,717353.1846784971,917970.2668174184,917970.2668174184
2024-03-21,404.9680423736573,-0.0,404.9680423736572,717353.1846784971,933320.8715958901,933725.8396382638
2024-03-22,0.0,-0.0,404.9680423736572,717353.1846784971,937513.3381945696,937918.3062369433
2024-03-25,0.0,-0.0,404.9680423736572,717353.1846784971,935817.5054398649,936222.4734822386
2024-03-26,0.0,-0.0,404.9680423736572,717353.1846784971,930866.7217512248,931271.6897935985
2024-03-27,505.3819999694824,-0.0,910.3500423431396,717353.1846784971,938634.1185068241,939544.4685491673
2024-03-28,0.0,-0.0,910.3500423431396,717353.1846784971,937104.2614368408,938014.6114791838
2024-03-29,0.0,-0.0,910.3500423431396,717353.1846784971,939942.0987678473,940852.4488101905
2024-04-01,0.0,-0.0,910.3500423431396,717353.1846784971,935471.2612238423,936381.6112661854
2024-04-02,-19485.289078521728,-18574.939036178635,0.0,735928.1237146758,956474.9271277105,956474.9271277105
2024-04-03,-6982.0,-6982.0,0.0,742910.1237146758,962322.8668349739,962322.8668349739
2024-04-04,584.7075304794312,-0.0,584.7075304794125,742910.1237146758,950860.5811959174,951445.288726397
2024-04-05,0.0,-0.0,584.7075304794125,742910.1237146758,958733.0490712606,959317.75660174
2024-04-08,0.0,-0.0,584.7075304794125,742910.1237146758,964267.7130837741,964852.4206142534
2024-04-09,-5854.889582061768,-5270.182051582378,0.0,748180.3057662582,985363.9852356318,985363.9852356318
2024-04-10,-6470.278516674041,-6470.278516674065,0.0,754650.5842829322,978562.8061502009,978562.8061502009
2024-04-11,-2375.0,-2375.0,0.0,757025.5842829322,991461.4672311026,991461.4672311026
2024-04-12,0.0,-0.0,0.0,757025.5842829322,979640.1504343684,979640.1504343684
2024-04-15,0.0,-0.0,0.0,757025.5842829322,958052.7456621539,958052.7456621539
2024-04-16,0.0,-0.0,0.0,757025.5842829322,943426.1180026965,943426.1180026965
2024-04-17,0.0,-0.0,0.0,757025.5842829322,945366.1451977808,945366.1451977808
2024-04-18,-8625.515073738099,-8625.51507373806,0.0,765651.0993566703,950770.2096303283,950770.2096303283
2024-04-19,-4165.0,-4165.0,0.0,769816.0993566703,917251.1828056776,917251.1828056776
2024-04-22,-1789.0,-1789.0,0.0,771605.0993566703,923460.4083433202,923460.4083433202
2024-04-23,0.0,-0.0,0.0,771605.0993566703,938879.4059315046,938879.4059315046
2024-04-24,0.0,-0.0,0.0,771605.0993566703,955522.6594817042,955522.6594817042
2024-04-25,0.0,-0.0,0.0,771605.0993566703,943216.0654322,943216.0654322
2024-04-26,0.0,-0.0,0.0,771605.0993566703,961422.7854854778,961422.7854854778
2024-04-29,20.5121688079834,-0.0,20.512168808025308,771605.0993566703,975296.3736593693,975316.8858281773
2024-04-30,0.0,-0.0,20.512168808025308,771605.0993566703,957618.667346625,957639.179515433
2024-05-01,0.0,-0.0,20.512168808025308,771605.0993566703,956728.1473317719,956748.6595005799
2024-05-02,0.0,-0.0,20.512168808025308,771605.0993566703,955646.2726726831,955666.7848414911
2024-05-03,0.0,-0.0,20.512168808025308,771605.0993566703,970468.3325584525,970488.8447272604
2024-05-06,0.0,-0.0,20.512168808025308,771605.0993566703,986625.68603639,986646.198205198
2024-05-07,-6562.0,-6541.487831191975,0.0,778146.5871878623,998717.7865725855,998717.7865725855
2024-05-08,0.0,-0.0,0.0,778146.5871878623,1000867.0984202136,1000867.0984202136
2024-05-09,0.0,-0.0,0.0,778146.5871878623,1001926.0255418812,1001926.0255418812
2024-05-10,0.0,-0.0,0.0,778146.5871878623,1007180.6128083311,1007180.6128083311
2024-05-13,-778.1113032531744,-778.1113032532157,0.0,778924.6984911155,1022841.7262026375,1022841.7262026375
2024-05-14,-6681.0,-6681.0,0.0,785605.6984911155,1039216.4539431689,1039216.4539431689
2024-05-15,0.0,-0.0,0.0,785605.6984911155,1059197.8280047886,1059197.8280047886
2024-05-16,0.0,-0.0,0.0,785605.6984911155,1056921.6398167051,1056921.6398167051
2024-05-17,0.0,-0.0,0.0,785605.6984911155,1056524.8577365598,1056524.8577365598
2024-05-20,-10676.840286254883,-10676.840286254883,0.0,796282.5387773704,1071727.435636226,1071727.435636226
2024-05-21,-8788.0,-8788.0,0.0,805070.5387773704,1083558.444980671,1083558.444980671
2024-05-22,0.0,-0.0,0.0,805070.5387773704,1094442.0398051753,1094442.0398051753
2024-05-23,0.0,-0.0,0.0,805070.5387773704,1090801.8655668157,1090801.8655668157
2024-05-24,0.0,-0.0,0.0,805070.5387773704,1097438.4505081915,1097438.4505081915
2024-05-27,0.0,-0.0,0.0,805070.5387773704,1105233.2367305446,1105233.2367305446
2024-05-28,0.0,-0.0,0.0,805070.5387773704,1105159.1870818515,1105159.1870818515
2024-05-29,0.0,-0.0,0.0,805070.5387773704,1092284.277365919,1092284.277365919
2024-05-30,5.504089813232421,-0.0,5.504089813213795,805070.5387773704,1077056.805539495,1077062.309629308
2024-05-31,0.0,-0.0,5.504089813213795,805070.5387773704,1073716.7249221099,1073722.229011923
2024-06-03,0.0,-0.0,5.504089813213795,805070.5387773704,1091151.5633607071,1091157.0674505203
2024-06-04,0.0,-0.0,5.504089813213795,805070.5387773704,1082768.5840721147,1082774.0881619279
2024-06-05,0.0,-0.0,5.504089813213795,805070.5387773704,1104904.5593939736,1104910.0634837865
2024-06-06,0.0,-0.0,5.504089813213795,805070.5387773704,1120554.6598936156,1120560.1639834289
2024-06-07,0.0,-0.0,5.504089813213795,805070.5387773704,1111404.5090278937,1111410.0131177069
2024-06-10,0.0,-0.0,5.504089813213795,805070.5387773704,1116823.1224561955,1116828.6265460085
2024-06-11,0.0,-0.0,5.504089813213795,805070.5387773704,1122408.3448590469,1122413.8489488598
2024-06-12,0.0,-0.0,5.504089813213795,805070.5387773704,1145293.0071907756,1145298.5112805888
2024-06-13,0.0,-0.0,5.504089813213795,805070.5387773704,1159423.3346910386,1159428.8387808518
2024-06-14,-16463.44617111206,-16457.942081298796,0.0,821528.4808586692,1186995.3904844902,1186995.3904844902
2024-06-17,-3157.0,-3157.0,0.0,824685.4808586692,1199590.6999506785,1199590.6999506785
2024-06-18,0.0,-0.0,0.0,824685.4808586692,1211903.508968157,1211903.508968157
2024-06-19,0.0,-0.0,0.0,824685.4808586692,1232466.2398355892,1232466.2398355892
2024-06-20,0.0,-0.0,0.0,824685.4808586692,1230000.4862559964,1230000.4862559964
2024-06-21,0.0,-0.0,0.0,824685.4808586692,1220986.960387721,1220986.960387721
2024-06-24,0.0,-0.0,0.0,824685.4808586692,1196516.3327644141,1196516.3327644141
2024-06-25,0.0,-0.0,0.0,824685.4808586692,1204488.634961351,1204488.634961351
2024-06-26,557.2452479553224,-0.0,557.2452479553176,824685.4808586692,1211653.2533006447,1212210.4985486001
2024-06-27,0.0,-0.0,557.2452479553176,824685.4808586692,1214080.206640945,1214637.4518889003
2024-06-28,0.0,-0.0,557.2452479553176,824685.4808586692,1211539.1493205025,1212096.3945684577
2024-07-01,0.0,-0.0,557.2452479553176,824685.4808586692,1212924.0619870971,1213481.3072350523
2024-07-02,0.0,-0.0,557.2452479553176,824685.4808586692,1218081.0295645783,1218638.2748125335
2024-07-03,1479.1308335876463,-0.0,2036.3760815429268,824685.4808586692,1237242.1435737682,1239278.519655311
2024-07-04,0.0,-0.0,2036.3760815429268,824685.4808586692,1255350.2055324002,1257386.5816139432
2024-07-05,-1127.0,-0.0,909.3760815429268,824685.4808586692,1262997.0793228298,1263906.455404373
2024-07-08,-14280.778666152955,-13371.402584610041,0.0,838056.8834432792,1296279.7096125307,1296279.7096125307
2024-07-09,0.0,-0.0,0.0,838056.8834432792,1298641.642289383,1298641.642289383
2024-07-10,0.0,-0.0,0.0,838056.8834432792,1314470.084327746,1314470.084327746
2024-07-11,0.0,-0.0,0.0,838056.8834432792,1311877.3229468097,1311877.3229468097
2024-07-12,0.0,-0.0,0.0,838056.8834432792,1293664.497479105,1293664.497479105
2024-07-15,0.0,-0.0,0.0,838056.8834432792,1295939.3550709398,1295939.3550709398
2024-07-16,-102.0,-102.0,0.0,838158.8834432792,1304481.6597600817,1304481.6597600817
2024-07-17,0.0,-0.0,0.0,838158.8834432792,1267010.1376919395,1267010.1376919395
2024-07-18,0.0,-0.0,0.0,838158.8834432792,1243376.39614768,1243376.39614768
2024-07-19,-1104.0,-1104.0,0.0,839262.8834432792,1221667.6433877898,1221667.6433877898
2024-07-22,0.0,-0.0,0.0,839262.8834432792,1215903.6913841204,1215903.6913841204
2024-07-23,-1732.0,-1732.0,0.0,840994.8834432792,1233844.2657451753,1233844.2657451753
2024-07-24,0.0,-0.0,0.0,840994.8834432792,1198031.9774048952,1198031.9774048952
2024-07-25,0.0,-0.0,0.0,840994.8834432792,1190096.0514666953,1190096.0514666953
2024-07-26,0.0,-0.0,0.0,840994.8834432792,1173501.9325762065,1173501.9325762065
2024-07-29,0.0,-0.0,0.0,840994.8834432792,1181873.083417983,1181873.083417983
2024-07-30,0.0,-0.0,0.0,840994.8834432792,1173663.6618255551,1173663.6618255551
2024-07-31,0.0,-0.0,0.0,840994.8834432792,1196111.906722915,1196111.906722915
2024-08-01,0.0,-0.0,0.0,840994.8834432792,1187652.8791749114,1187652.8791749114
2024-08-02,-2278.0,-2278.0,0.0,843272.8834432792,1143020.0640441698,1143020.0640441698
2024-08-05,635.0,-0.0,635.0,843272.8834432792,1055776.2959290463,1056411.2959290463
2024-08-06,-1795.0,-1160.0,0.0,844432.8834432792,1086466.0758294675,1086466.0758294675
2024-08-07,0.0,-0.0,0.0,844432.8834432792,1104542.0208565798,1104542.0208565798
2024-08-08,0.0,-0.0,0.0,844432.8834432792,1109745.8471111713,1109745.8471111713
2024-08-09,0.0,-0.0,0.0,844432.8834432792,1131076.5300705007,1131076.5300705007
2024-08-12,0.0,-0.0,0.0,844432.8834432792,1142605.0080242737,1142605.0080242737
2024-08-13,-3038.0,-3038.0,0.0,847470.8834432792,1164139.7326702124,1164139.7326702124
2024-08-14,0.0,-0.0,0.0,847470.8834432792,1176216.573025149,1176216.573025149
2024-08-15,0.0,-0.0,0.0,847470.8834432792,1186467.5985271302,1186467.5985271302
2024-08-16,0.0,-0.0,0.0,847470.8834432792,1213112.174857481,1213112.174857481
2024-08-19,-1834.0,-1834.0,0.0,849304.8834432792,1221639.6426157935,1221639.6426157935
2024-08-20,0.0,-0.0,0.0,849304.8834432792,1217579.8904171132,1217579.8904171132
2024-08-21,0.0,-0.0,0.0,849304.8834432792,1214129.6355071077,1214129.6355071077
2024-08-22,0.0,-0.0,0.0,849304.8834432792,1191487.6442294128,1191487.6442294128
2024-08-23,0.0,-0.0,0.0,849304.8834432792,1209852.4329988572,1209852.4329988572
2024-08-26,0.0,-0.0,0.0,849304.8834432792,1197560.584866474,1197560.584866474
2024-08-27,-2423.0,-2423.0,0.0,851727.8834432792,1201052.7354719278,1201052.7354719278
2024-08-28,0.0,-0.0,0.0,851727.8834432792,1198182.8290809488,1198182.8290809488
2024-08-29,0.0,-0.0,0.0,851727.8834432792,1193746.5885970609,1193746.5885970609
2024-08-30,0.0,-0.0,0.0,851727.8834432792,1200482.325778974,1200482.325778974
2024-09-02,0.0,-0.0,0.0,851727.8834432792,1200995.314880893,1200995.314880893
2024-09-03,0.0,-0.0,0.0,851727.8834432792,1174687.1249973678,1174687.1249973678
2024-09-04,0.0,-0.0,0.0,851727.8834432792,1140448.2293552912,1140448.2293552912
2024-09-05,-2089.0,-2089.0,0.0,853816.8834432792,1146164.5394813602,1146164.5394813602
2024-09-06,0.0,-0.0,0.0,853816.8834432792,1135878.0052745927,1135878.0052745927
2024-09-09,0.0,-0.0,0.0,853816.8834432792,1136200.2329260616,1136200.2329260616
2024-09-10,0.0,-0.0,0.0,853816.8834432792,1144102.7078108238,1144102.7078108238
2024-09-11,0.0,-0.0,0.0,853816.8834432792,1158757.1082084521,1158757.1082084521
2024-09-12,0.0,-0.0,0.0,853816.8834432792,1190121.6152964383,1190121.6152964383
2024-09-13,-4162.0,-4162.0,0.0,857978.8834432792,1197993.5553049655,1197993.5553049655
2024-09-16,0.0,-0.0,0.0,857978.8834432792,1199707.193547061,1199707.193547061
2024-09-17,0.0,-0.0,0.0,857978.8834432792,1197697.5908256967,1197697.5908256967
2024-09-18,0.0,-0.0,0.0,857978.8834432792,1186731.67315122,1186731.67315122
2024-09-19,0.0,-0.0,0.0,857978.8834432792,1214945.0382720141,1214945.0382720141
2024-09-20,0.0,-0.0,0.0,857978.8834432792,1218960.204542056,1218960.204542056
2024-09-23,-3210.0,-3210.0,0.0,861188.8834432792,1231720.727350893,1231720.727350893
2024-09-24,0.0,-0.0,0.0,861188.8834432792,1240956.4975689927,1240956.4975689927
2024-09-25,526.5370126724243,-0.0,526.537012672401,861188.8834432792,1245911.0722501683,1246437.6092628406
2024-09-26,0.0,-0.0,526.537012672401,861188.8834432792,1260374.271855856,1260900.8088685283
2024-09-27,0.0,-0.0,526.537012672401,861188.8834432792,1247856.8025470278,1248383.3395597003
2024-09-30,0.0,-0.0,526.537012672401,861188.8834432792,1232459.126543079,1232985.6635557513
2024-10-01,0.0,-0.0,526.537012672401,861188.8834432792,1220571.519255571,1221098.0562682434
2024-10-02,542.4949451446533,-0.0,1069.031957817031,861188.8834432792,1223427.9765287752,1224497.0084865922
2024-10-03,874.1937675476074,-0.0,1943.2257253646385,861188.8834432792,1221835.383362677,1223778.6090880416
2024-10-04,0.0,-0.0,1943.2257253646385,861188.8834432792,1233549.2475482412,1235492.4732736058
2024-10-07,0.0,-0.0,1943.2257253646385,861188.8834432792,1244853.6839567563,1246796.9096821207
2024-10-08,0.0,-0.0,1943.2257253646385,861188.8834432792,1248671.5493380958,1250614.7750634602
2024-10-09,0.0,-0.0,1943.2257253646385,861188.8834432792,1262782.2500702427,1264725.4757956075
2024-10-10,0.0,-0.0,1943.2257253646385,861188.8834432792,1261654.2383338355,1263597.4640592
2024-10-11,0.0,-0.0,1943.2257253646385,861188.8834432792,1274437.6109099577,1276380.8366353223
2024-10-14,0.0,-0.0,1943.2257253646385,861188.8834432792,1282683.1003152193,1284626.326040584
2024-10-15,0.0,-0.0,1943.2257253646385,861188.8834432792,1286845.3117007315,1288788.5374260962
2024-10-16,0.0,-0.0,1943.2257253646385,861188.8834432792,1277327.4099458077,1279270.6356711723
2024-10-17,0.0,-0.0,1943.2257253646385,861188.8834432792,1276275.4220984401,1278218.6478238045
2024-10-18,0.0,-0.0,1943.2257253646385,861188.8834432792,1296664.0065345613,1298607.232259926
2024-10-21,0.0,-0.0,1943.2257253646385,861188.8834432792,1295866.249586646,1297809.4753120106
2024-10-22,-2310.0,-366.7742746353615,0.0,861555.6577179146,1296624.3872330885,1296624.3872330885
2024-10-23,0.0,-0.0,0.0,861555.6577179146,1276672.273253927,1276672.273253927
2024-10-24,0.0,-0.0,0.0,861555.6577179146,1278587.4099568548,1278587.4099568548
2024-10-25,0.0,-0.0,0.0,861555.6577179146,1287388.521395152,1287388.521395152
2024-10-28,0.0,-0.0,0.0,861555.6577179146,1287286.4404257706,1287286.4404257706
2024-10-29,0.0,-0.0,0.0,861555.6577179146,1279406.6212542097,1279406.6212542097
2024-10-30,0.0,-0.0,0.0,861555.6577179146,1270166.0313964882,1270166.0313964882
2024-10-31,0.0,-0.0,0.0,861555.6577179146,1243950.5242490608,1243950.5242490608
2024-11-01,0.0,-0.0,0.0,861555.6577179146,1245863.0389830114,1245863.0389830114
2024-11-04,0.0,-0.0,0.0,861555.6577179146,1255914.9328021712,1255914.9328021712
2024-11-05,0.0,-0.0,0.0,861555.6577179146,1272145.8232228619,1272145.8232228619
2024-11-06,0.0,-0.0,0.0,861555.6577179146,1298807.1797258009,1298807.1797258009
2024-11-07,0.0,-0.0,0.0,861555.6577179146,1332425.207324371,1332425.207324371
2024-11-08,0.0,-0.0,0.0,861555.6577179146,1336702.6212404193,1336702.6212404193
2024-11-11,0.0,-0.0,0.0,861555.6577179146,1339111.996129237,1339111.996129237
2024-11-12,-2296.0,-2296.0,0.0,863851.6577179146,1318943.0660259165,1318943.0660259165
2024-11-13,0.0,-0.0,0.0,863851.6577179146,1313348.7163842944,1313348.7163842944
2024-11-14,0.0,-0.0,0.0,863851.6577179146,1299449.0707735624,1299449.0707735624
2024-11-15,0.0,-0.0,0.0,863851.6577179146,1280449.5473877674,1280449.5473877674
2024-11-18,4037.0,-0.0,4037.0,863851.6577179146,1272973.6954857395,1277010.6954857395
2024-11-19,0.0,-0.0,4037.0,863851.6577179146,1288377.8307954136,1292414.8307954136
2024-11-20,0.0,-0.0,4037.0,863851.6577179146,1282794.7263602708,1286831.7263602708
2024-11-21,-4519.0,-482.0,0.0,864333.6577179146,1286079.624473305,1286079.624473305
2024-11-22,0.0,-0.0,0.0,864333.6577179146,1301054.3092461522,1301054.3092461522
2024-11-25,-3349.0,-3349.0,0.0,867682.6577179146,1311729.3053405534,1311729.3053405534
2024-11-26,0.0,-0.0,0.0,867682.6577179146,1301163.6386563976,1301163.6386563976
2024-11-27,0.0,-0.0,0.0,867682.6577179146,1285250.8445955305,1285250.8445955305
2024-11-28,0.0,-0.0,0.0,867682.6577179146,1283427.8919029736,1283427.8919029736
2024-11-29,-4387.0,-4387.0,0.0,872069.6577179146,1300404.8515942881,1300404.8515942881
2024-12-02,0.0,-0.0,0.0,872069.6577179146,1327267.3522149231,1327267.3522149231
2024-12-03,0.0,-0.0,0.0,872069.6577179146,1340878.6106938373,1340878.6106938373
2024-12-04,0.0,-0.0,0.0,872069.6577179146,1358992.2872116698,1358992.2872116698
2024-12-05,0.0,-0.0,0.0,872069.6577179146,1355820.5646787616,1355820.5646787616
2024-12-06,0.0,-0.0,0.0,872069.6577179146,1361949.7941154165,1361949.7941154165
2024-12-09,0.0,-0.0,0.0,872069.6577179146,1353315.9356457146,1353315.9356457146
2024-12-10,0.0,-0.0,0.0,872069.6577179146,1343874.561501014,1343874.561501014
2024-12-11,0.0,-0.0,0.0,872069.6577179146,1355096.4248078046,1355096.4248078046
2024-12-12,0.0,-0.0,0.0,872069.6577179146,1352424.3401761984,1352424.3401761984
2024-12-13,0.0,-0.0,0.0,872069.6577179146,1357259.8131713825,1357259.8131713825
2024-12-16,0.0,-0.0,0.0,872069.6577179146,1372505.7737606792,1372505.7737606792
2024-12-17,0.0,-0.0,0.0,872069.6577179146,1370673.5165166468,1370673.5165166468
2024-12-18,0.0,-0.0,0.0,872069.6577179146,1328627.1895666914,1328627.1895666914
2024-12-19,0.0,-0.0,0.0,872069.6577179146,1317957.1661135803,1317957.1661135803
2024-12-20,0.0,-0.0,0.0,872069.6577179146,1319591.1080475184,1319591.1080475184
2024-12-23,0.0,-0.0,0.0,872069.6577179146,1344177.2567031416,1344177.2567031416
2024-12-24,0.0,-0.0,0.0,872069.6577179146,1359179.2550612453,1359179.2550612453
2024-12-25,0.0,-0.0,0.0,872069.6577179146,1362340.0006237356,1362340.0006237356
2024-12-26,-22189.0400390625,-22189.0400390625,0.0,894258.697756977,1385983.9184392504,1385983.9184392504
2024-12-27,978.3728618621825,-0.0,978.3728618621826,894258.697756977,1370251.1278170405,1371229.5006789027
2024-12-30,0.0,-0.0,978.3728618621826,894258.697756977,1354903.1301496243,1355881.5030114863
2024-12-31,1271.0879348754884,-0.0,2249.460796737694,894258.697756977,1339916.8281795625,1342166.2889763003
2025-01-01,0.0,-0.0,2249.460796737694,894258.697756977,1339916.8281795625,1342166.2889763003
2025-01-02,0.0,-0.0,2249.460796737694,894258.697756977,1328615.5138164652,1330864.9746132027
2025-01-03,0.0,-0.0,2249.460796737694,894258.697756977,1351433.3217497189,1353682.7825464564
2025-01-06,0.0,-0.0,2249.460796737694,894258.697756977,1387187.8335123367,1389437.2943090743
2025-01-07,0.0,-0.0,2249.460796737694,894258.697756977,1369289.13102703,1371538.5918237679
2025-01-08,0.0,-0.0,2249.460796737694,894258.697756977,1360060.772288972,1362310.2330857099
2025-01-09,0.0,-0.0,2249.460796737694,894258.697756977,1353474.6993670787,1355724.1601638163
2025-01-10,0.0,-0.0,2249.460796737694,894258.697756977,1330862.9208578705,1333112.3816546083
2025-01-13,-3445.0,-1195.5392032623058,0.0,895454.2369602394,1318894.084835745,1318894.084835745
2025-01-14,0.0,-0.0,0.0,895454.2369602394,1320788.186649941,1320788.186649941
2025-01-15,-4596.0,-4596.0,0.0,900050.2369602394,1343309.1246799284,1343309.1246799284
2025-01-16,0.0,-0.0,0.0,900050.2369602394,1349374.2025874434,1349374.2025874434
2025-01-17,0.0,-0.0,0.0,900050.2369602394,1369906.7393734371,1369906.7393734371
2025-01-20,6972.0,-0.0,6972.0,900050.2369602394,1373177.9567157624,1380149.9567157626
2025-01-21,0.0,-0.0,6972.0,900050.2369602394,1370849.188560237,1377821.188560237
2025-01-22,0.0,-0.0,6972.0,900050.2369602394,1399058.4401269278,1406030.4401269278
2025-01-23,0.0,-0.0,6972.0,900050.2369602394,1400548.1394389062,1407520.1394389062
2025-01-24,0.0,-0.0,6972.0,900050.2369602394,1396339.3818727676,1403311.3818727676
2025-01-27,0.0,-0.0,6972.0,900050.2369602394,1370750.567454035,1377722.567454035
2025-01-28,0.0,-0.0,6972.0,900050.2369602394,1388316.888466638,1395288.888466638
2025-01-29,0.0,-0.0,6972.0,900050.2369602394,1384148.3360243808,1391120.3360243808
2025-01-30,0.0,-0.0,6972.0,900050.2369602394,1386575.8814911048,1393547.8814911048
2025-01-31,0.0,-0.0,6972.0,900050.2369602394,1387366.1741731404,1394338.1741731402
2025-02-03,-89225.18847457886,-82253.1884745789,0.0,982303.4254348183,1429873.9564060045,1429873.9564060045
2025-02-04,9368.0,-0.0,9368.0,982303.4254348183,1438547.0229993323,1447915.0229993323
2025-02-05,0.0,-0.0,9368.0,982303.4254348183,1460811.6917903225,1470179.6917903225
2025-02-06,0.0,-0.0,9368.0,982303.4254348183,1466853.6906916972,1476221.6906916972
2025-02-07,0.0,-0.0,9368.0,982303.4254348183,1458756.068034558,1468124.0680345579
2025-02-10,0.0,-0.0,9368.0,982303.4254348183,1462080.569490693,1471448.569490693
2025-02-11,0.0,-0.0,9368.0,982303.4254348183,1463777.5616687287,1473145.5616687285
2025-02-12,0.0,-0.0,9368.0,982303.4254348183,1458795.7317068821,1468163.7317068821
2025-02-13,0.0,-0.0,9368.0,982303.4254348183,1477720.3279023578,1487088.3279023576
2025-02-14,0.0,-0.0,9368.0,982303.4254348183,1466231.2438457864,1475599.2438457864
2025-02-17,0.0,-0.0,9368.0,982303.4254348183,1480270.6649737332,1489638.6649737332
2025-02-18,0.0,-0.0,9368.0,982303.4254348183,1486145.5196322738,1495513.5196322738
2025-02-19,0.0,-0.0,9368.0,982303.4254348183,1483726.5530614564,1493094.5530614564
2025-02-20,0.0,-0.0,9368.0,982303.4254348183,1478938.0475128691,1488306.047512869
2025-02-21,0.0,-0.0,9368.0,982303.4254348183,1464967.6419520103,1474335.6419520106
2025-02-24,0.0,-0.0,9368.0,982303.4254348183,1449317.820882106,1458685.820882106
2025-02-25,0.0,-0.0,9368.0,982303.4254348183,1428120.3397827435,1437488.3397827435
2025-02-26,0.0,-0.0,9368.0,982303.4254348183,1436548.224070821,1445916.2240708207
2025-02-27,0.0,-0.0,9368.0,982303.4254348183,1400918.1634633623,1410286.1634633623
2025-02-28,0.0,-0.0,9368.0,982303.4254348183,1421751.4330794814,1431119.4330794814
2025-03-03,-10375.933265075682,-1007.9332650756696,0.0,983311.3586998939,1394192.3634642488,1394192.3634642488
2025-03-04,0.0,-0.0,0.0,983311.3586998939,1380444.069238642,1380444.069238642
2025-03-05,0.0,-0.0,0.0,983311.3586998939,1400248.4241186804,1400248.4241186804
2025-03-06,0.0,-0.0,0.0,983311.3586998939,1369464.5462680412,1369464.5462680412
2025-03-07,0.0,-0.0,0.0,983311.3586998939,1367636.1370312925,1367636.1370312925
2025-03-10,0.0,-0.0,0.0,983311.3586998939,1331879.5949612549,1331879.5949612549
2025-03-11,0.0,-0.0,0.0,983311.3586998939,1311190.1966137057,1311190.1966137057
2025-03-12,0.0,-0.0,0.0,983311.3586998939,1322510.8276238588,1322510.8276238588
2025-03-13,0.0,-0.0,0.0,983311.3586998939,1302623.7771369694,1302623.7771369694
2025-03-14,0.0,-0.0,0.0,983311.3586998939,1321749.680740126,1321749.680740126
2025-03-17,0.0,-0.0,0.0,983311.3586998939,1334995.4893387663,1334995.4893387663
2025-03-18,0.0,-0.0,0.0,983311.3586998939,1325499.5472747847,1325499.5472747847
2025-03-19,0.0,-0.0,0.0,983311.3586998939,1329016.7359934016,1329016.7359934016
2025-03-20,0.0,-0.0,0.0,983311.3586998939,1342465.282846368,1342465.282846368
2025-03-21,0.0,-0.0,0.0,983311.3586998939,1336578.0287577335,1336578.0287577335
2025-03-24,0.0,-0.0,0.0,983311.3586998939,1350012.4827599023,1350012.4827599023
2025-03-25,0.0,-0.0,0.0,983311.3586998939,1364579.3100888496,1364579.3100888496
2025-03-26,0.0,-0.0,0.0,983311.3586998939,1346758.7122683234,1346758.7122683234
2025-03-27,0.0,-0.0,0.0,983311.3586998939,1326713.5139126494,1326713.5139126494
2025-03-28,0.0,-0.0,0.0,983311.3586998939,1295112.6591063524,1295112.6591063524
2025-03-31,0.0,-0.0,0.0,983311.3586998939,1270711.246597238,1270711.246597238
2025-04-01,68.47254890441896,-0.0,68.47254890436307,983311.3586998939,1294363.0899357582,1294431.5624846625
2025-04-02,0.0,-0.0,68.47254890436307,983311.3586998939,1300884.579066208,1300953.0516151125
2025-04-03,1127.2661508560182,-0.0,1195.7386997604044,983311.3586998939,1255198.7814266256,1256394.5201263858
2025-04-04,0.0,-0.0,1195.7386997604044,983311.3586998939,1202817.7842481416,1204013.522947902
2025-04-07,-11085.0,-9889.261300239596,0.0,993200.6200001335,1131813.7653996705,1131813.7653996705
2025-04-08,0.0,-0.0,0.0,993200.6200001335,1079263.6427077698,1079263.6427077698
2025-04-09,-14393.081728477477,-14393.081728477497,0.0,1007593.701728611,1146219.7273343063,1146219.7273343063
2025-04-10,0.0,-0.0,0.0,1007593.701728611,1154336.5311164088,1154336.5311164088
2025-04-11,0.0,-0.0,0.0,1007593.701728611,1192035.4541804302,1192035.4541804302
2025-04-14,-3205.0,-3205.0,0.0,1010798.701728611,1191345.3351100443,1191345.3351100443
2025-04-15,0.0,-0.0,0.0,1010798.701728611,1201898.7669996524,1201898.7669996524
2025-04-16,0.0,-0.0,0.0,1010798.701728611,1167640.3637060784,1167640.3637060784
2025-04-17,0.0,-0.0,0.0,1010798.701728611,1160465.879585547,1160465.879585547
2025-04-18,0.0,-0.0,0.0,1010798.701728611,1161377.694519693,1161377.694519693
2025-04-21,-9441.657916259766,-9441.657916259719,0.0,1020240.3596448707,1137027.915203498,1137027.915203498
2025-04-22,0.0,-0.0,0.0,1020240.3596448707,1149264.8341217455,1149264.8341217455
2025-04-23,0.0,-0.0,0.0,1020240.3596448707,1199592.496229065,1199592.496229065
2025-04-24,0.0,-0.0,0.0,1020240.3596448707,1218842.739865675,1218842.739865675
2025-04-25,0.0,-0.0,0.0,1020240.3596448707,1244383.7357572874,1244383.7357572874
2025-04-28,0.0,-0.0,0.0,1020240.3596448707,1251844.8541539793,1251844.8541539793
2025-04-29,0.0,-0.0,0.0,1020240.3596448707,1262642.0830477045,1262642.0830477045
2025-04-30,0.0,-0.0,0.0,1020240.3596448707,1258038.8578169385,1258038.8578169385
2025-05-01,0.0,-0.0,0.0,1020240.3596448707,1260954.9738825732,1260954.9738825732
2025-05-02,0.0,-0.0,0.0,1020240.3596448707,1296797.862470517,1296797.862470517
2025-05-05,0.0,-0.0,0.0,1020240.3596448707,1249415.2513855558,1249415.2513855558
2025-05-06,0.0,-0.0,0.0,1020240.3596448707,1206715.2937048248,1206715.2937048248
2025-05-07,0.0,-0.0,0.0,1020240.3596448707,1227412.1169299525,1227412.1169299525
2025-05-08,0.0,-0.0,0.0,1020240.3596448707,1252647.7538937896,1252647.7538937896
2025-05-09,-14081.138381195067,-14081.138381195022,0.0,1034321.4980260658,1271407.236607105,1271407.236607105
2025-05-12,-9599.30023241043,-9599.30023241043,0.0,1043920.7982584762,1323581.4717930704,1323581.4717930704
2025-05-13,0.0,-0.0,0.0,1043920.7982584762,1350184.644277624,1350184.644277624
2025-05-14,0.0,-0.0,0.0,1043920.7982584762,1373372.862342906,1373372.862342906
2025-05-15,0.0,-0.0,0.0,1043920.7982584762,1373341.6951248131,1373341.6951248131
2025-05-16,0.0,-0.0,0.0,1043920.7982584762,1376870.9975472076,1376870.9975472076
2025-05-19,0.0,-0.0,0.0,1043920.7982584762,1365896.68480082,1365896.68480082
2025-05-20,0.0,-0.0,0.0,1043920.7982584762,1360667.8022427966,1360667.8022427966
2025-05-21,0.0,-0.0,0.0,1043920.7982584762,1352966.7152384555,1352966.7152384555
2025-05-22,0.0,-0.0,0.0,1043920.7982584762,1343655.0096617641,1343655.0096617641
2025-05-23,0.0,-0.0,0.0,1043920.7982584762,1333753.6169722602,1333753.6169722602
2025-05-26,0.0,-0.0,0.0,1043920.7982584762,1330153.0740834065,1330153.0740834065
2025-05-27,0.0,-0.0,0.0,1043920.7982584762,1346535.9575838477,1346535.9575838477
2025-05-28,0.0,-0.0,0.0,1043920.7982584762,1346653.839828002,1346653.839828002
2025-05-29,0.0,-0.0,0.0,1043920.7982584762,1351964.6604117616,1351964.6604117616
2025-05-30,0.0,-0.0,0.0,1043920.7982584762,1347753.4611916689,1347753.4611916689
2025-06-02,0.0,-0.0,0.0,1043920.7982584762,1336243.2326648165,1336243.2326648165
2025-06-03,0.0,-0.0,0.0,1043920.7982584762,1353417.1839234529,1353417.1839234529
2025-06-04,0.0,-0.0,0.0,1043920.7982584762,1377180.9389433225,1377180.9389433225
2025-06-05,0.0,-0.0,0.0,1043920.7982584762,1369745.1801306307,1369745.1801306307
2025-06-06,0.0,-0.0,0.0,1043920.7982584762,1379473.245057516,1379473.245057516
2025-06-09,0.0,-0.0,0.0,1043920.7982584762,1386867.268762772,1386867.268762772
2025-06-10,0.0,-0.0,0.0,1043920.7982584762,1411970.2285623017,1411970.2285623017
2025-06-11,0.0,-0.0,0.0,1043920.7982584762,1415417.8972948813,1415417.8972948813
2025-06-12,0.0,-0.0,0.0,1043920.7982584762,1415239.5556307172,1415239.5556307172
2025-06-13,-11671.606768569947,-11671.606768569909,0.0,1055592.405027046,1394815.0710120432,1394815.0710120432
2025-06-16,-3919.0,-3919.0,0.0,1059511.405027046,1411943.584775596,1411943.584775596
2025-06-17,0.0,-0.0,0.0,1059511.405027046,1393976.0410682366,1393976.0410682366
2025-06-18,0.0,-0.0,0.0,1059511.405027046,1416776.8611796251,1416776.8611796251
2025-06-19,0.0,-0.0,0.0,1059511.405027046,1405207.6016030665,1405207.6016030665
2025-06-20,0.0,-0.0,0.0,1059511.405027046,1399880.3515097857,1399880.3515097857
2025-06-23,0.0,-0.0,0.0,1059511.405027046,1403165.99670273,1403165.99670273
2025-06-24,-8493.263830947877,-8493.263830947923,0.0,1068004.668857994,1448920.7141501124,1448920.7141501124
2025-06-25,0.0,-0.0,0.0,1068004.668857994,1454805.5657755455,1454805.5657755455
2025-06-26,0.0,-0.0,0.0,1068004.668857994,1461090.2078130713,1461090.2078130713
2025-06-27,0.0,-0.0,0.0,1068004.668857994,1449442.4907489663,1449442.4907489663
2025-06-30,1084.952524394989,-0.0,1084.952524394961,1068004.668857994,1466168.468139556,1467253.420663951
2025-07-01,-141.35994491577148,-0.0,943.5925794790965,1068004.668857994,1467975.9843852082,1468919.5769646873
2025-07-02,0.0,-0.0,943.5925794790965,1068004.668857994,1475560.0241059642,1476503.6166854433
2025-07-03,1097.021931629181,-0.0,2040.6145111082587,1068004.668857994,1487022.5645413455,1489063.1790524537
2025-07-04,0.0,-0.0,2040.6145111082587,1068004.668857994,1477303.095113569,1479343.7096246772
2025-07-07,0.0,-0.0,2040.6145111082587,1068004.668857994,1461134.1245829358,1463174.739094044
2025-07-08,0.0,-0.0,2040.6145111082587,1068004.668857994,1461730.2101328303,1463770.8246439386
2025-07-09,0.0,-0.0,2040.6145111082587,1068004.668857994,1480953.9300563086,1482994.544567417
2025-07-10,0.0,-0.0,2040.6145111082587,1068004.668857994,1491192.9013041733,1493233.5158152813
2025-07-11,0.0,-0.0,2040.6145111082587,1068004.668857994,1491838.6990385808,1493879.3135496893
2025-07-14,0.0,-0.0,2040.6145111082587,1068004.668857994,1486356.4997953149,1488397.114306423
2025-07-15,0.0,-0.0,2040.6145111082587,1068004.668857994,1501349.7804524861,1503390.3949635944
2025-07-16,0.0,-0.0,2040.6145111082587,1068004.668857994,1509348.3429397382,1511388.9574508464
2025-07-17,0.0,-0.0,2040.6145111082587,1068004.668857994,1523453.6866014465,1525494.3011125547
2025-07-18,0.0,-0.0,2040.6145111082587,1068004.668857994,1534059.299326981,1536099.9138380892
2025-07-21,0.0,-0.0,2040.6145111082587,1068004.668857994,1536612.9641750911,1538653.5786861994
2025-07-22,0.0,-0.0,2040.6145111082587,1068004.668857994,1523278.6194775626,1525319.2339886709
2025-07-23,0.0,-0.0,2040.6145111082587,1068004.668857994,1537298.013946305,1539338.6284574133
2025-07-24,0.0,-0.0,2040.6145111082587,1068004.668857994,1538988.9290578759,1541029.5435689844
2025-07-25,0.0,-0.0,2040.6145111082587,1068004.668857994,1544718.1863817563,1546758.8008928646
2025-07-28,-15126.798782653808,-13086.184271545615,0.0,1081090.8531295396,1568225.7039774237,1568225.7039774237
2025-07-29,0.0,-0.0,0.0,1081090.8531295396,1563788.5994490716,1563788.5994490716
2025-07-30,0.0,-0.0,0.0,1081090.8531295396,1572323.5272931897,1572323.5272931897
2025-07-31,0.0,-0.0,0.0,1081090.8531295396,1581430.107693629,1581430.107693629
2025-08-01,3739.0,-0.0,3739.0,1081090.8531295396,1554382.0097596806,1558121.0097596806
2025-08-04,0.0,-0.0,3739.0,1081090.8531295396,1567803.4672210328,1571542.4672210328
2025-08-05,0.0,-0.0,3739.0,1081090.8531295396,1575382.701160214,1579121.701160214
2025-08-06,0.0,-0.0,3739.0,1081090.8531295396,1581227.2524687063,1584966.2524687066
2025-08-07,0.0,-0.0,3739.0,1081090.8531295396,1610861.711820969,1614600.711820969
2025-08-08,0.0,-0.0,3739.0,1081090.8531295396,1616896.0588385614,1620635.0588385616
2025-08-11,-7558.27315750122,-3819.2731575011276,0.0,1084910.1262870408,1629958.8912971595,1629958.8912971595
2025-08-12,0.0,-0.0,0.0,1084910.1262870408,1647325.2008703672,1647325.2008703672
2025-08-13,0.0,-0.0,0.0,1084910.1262870408,1655587.336569698,1655587.336569698
2025-08-14,0.0,-0.0,0.0,1084910.1262870408,1650657.9237490285,1650657.9237490285
2025-08-15,0.0,-0.0,0.0,1084910.1262870408,1649216.6337519977,1649216.6337519977
2025-08-18,0.0,-0.0,0.0,1084910.1262870408,1650663.398335606,1650663.398335606
2025-08-19,0.0,-0.0,0.0,1084910.1262870408,1634448.6067385655,1634448.6067385655
2025-08-20,0.0,-0.0,0.0,1084910.1262870408,1601293.6935840289,1601293.6935840289
2025-08-21,0.0,-0.0,0.0,1084910.1262870408,1608162.0281678827,1608162.0281678827
2025-08-22,0.0,-0.0,0.0,1084910.1262870408,1629898.9872961543,1629898.9872961543
2025-08-25,0.0,-0.0,0.0,1084910.1262870408,1641722.1234703823,1641722.1234703823
2025-08-26,0.0,-0.0,0.0,1084910.1262870408,1648299.5892401198,1648299.5892401198
2025-08-27,0.0,-0.0,0.0,1084910.1262870408,1661538.413759386,1661538.413759386
2025-08-28,990.0,-0.0,990.0,1084910.1262870408,1660660.0753567705,1661650.0753567708
2025-08-29,0.0,-0.0,990.0,1084910.1262870408,1641715.126208038,1642705.126208038
2025-09-01,0.0,-0.0,990.0,1084910.1262870408,1631712.080982389,1632702.0809823892
2025-09-02,0.0,-0.0,990.0,1084910.1262870408,1621396.1610932995,1622386.1610932995
2025-09-03,0.0,-0.0,990.0,1084910.1262870408,1636206.6890134374,1637196.6890134374
2025-09-04,0.0,-0.0,990.0,1084910.1262870408,1654634.6514508831,1655624.6514508831
2025-09-05,0.0,-0.0,990.0,1084910.1262870408,1668661.5613257096,1669651.5613257096
2025-09-08,0.0,-0.0,990.0,1084910.1262870408,1681038.853012511,1682028.853012511
2025-09-09,0.0,-0.0,990.0,1084910.1262870408,1689217.7014218038,1690207.7014218038
2025-09-10,0.0,-0.0,990.0,1084910.1262870408,1710271.518847971,1711261.518847971
2025-09-11,0.0,-0.0,990.0,1084910.1262870408,1721072.9976727066,1722062.9976727066
2025-09-12,0.0,-0.0,990.0,1084910.1262870408,1736266.8545568604,1737256.8545568602
2025-09-15,0.0,-0.0,990.0,1084910.1262870408,1744432.6907704629,1745422.6907704629
2025-09-16,0.0,-0.0,990.0,1084910.1262870408,1754061.1512970224,1755051.1512970224
2025-09-17,0.0,-0.0,990.0,1084910.1262870408,1738583.1031990626,1739573.1031990626
2025-09-18,0.0,-0.0,990.0,1084910.1262870408,1758361.3027239637,1759351.3027239637
2025-09-19,-2877.0,-1887.0,0.0,1086797.1262870408,1770202.936241562,1770202.936241562
2025-09-22,0.0,-0.0,0.0,1086797.1262870408,1788159.337816015,1788159.337816015
2025-09-23,46.83743352890015,-0.0,46.83743352885358,1086797.1262870408,1798965.9466827854,1799012.784116314
2025-09-24,0.0,-0.0,46.83743352885358,1086797.1262870408,1795795.3043503317,1795842.1417838605
2025-09-25,0.0,-0.0,46.83743352885358,1086797.1262870408,1788971.3540461021,1789018.191479631
2025-09-26,0.0,-0.0,46.83743352885358,1086797.1262870408,1780710.828220563,1780757.665654092
2025-09-29,0.0,-0.0,46.83743352885358,1086797.1262870408,1784718.9042988296,1784765.7417323587
2025-09-30,615.5602311897278,-0.0,662.3976647185627,1086797.1262870408,1800818.6853548524,1801481.0830195711
2025-10-01,0.0,-0.0,662.3976647185627,1086797.1262870408,1808374.6178027452,1809037.0154674638
2025-10-02,0.0,-0.0,662.3976647185627,1086797.1262870408,1833372.5260470435,1834034.923711762
2025-10-03,1276.43323802948,-0.0,1938.8309027480427,1086797.1262870408,1845485.708060851,1847424.5389635991
2025-10-06,0.0,-0.0,1938.8309027480427,1086797.1262870408,1852164.7017720211,1854103.5326747692
2025-10-07,0.0,-0.0,1938.8309027480427,1086797.1262870408,1876558.749132382,1878497.58003513
2025-10-08,0.0,-0.0,1938.8309027480427,1086797.1262870408,1880226.2811092688,1882165.1120120168
2025-10-09,0.0,-0.0,1938.8309027480427,1086797.1262870408,1887223.5138371654,1889162.3447399135
2025-10-10,0.0,-0.0,1938.8309027480427,1086797.1262870408,1845796.570146835,1847735.401049583
2025-10-13,0.0,-0.0,1938.8309027480427,1086797.1262870408,1857773.399214904,1859712.230117652
2025-10-14,0.0,-0.0,1938.8309027480427,1086797.1262870408,1846789.4639348367,1848728.2948375847
2025-10-15,0.0,-0.0,1938.8309027480427,1086797.1262870408,1875562.5208110716,1877501.3517138197
2025-10-16,0.0,-0.0,1938.8309027480427,1086797.1262870408,1891459.177842821,1893398.008745569
2025-10-17,0.0,-0.0,1938.8309027480427,1086797.1262870408,1881008.100768461,1882946.931671209
2025-10-20,0.0,-0.0,1938.8309027480427,1086797.1262870408,1918251.4561997864,1920190.2871025344
2025-10-21,0.0,-0.0,1938.8309027480427,1086797.1262870408,1920462.1696026153,1922401.0005053633
2025-10-22,0.0,-0.0,1938.8309027480427,1086797.1262870408,1905016.6275937825,1906955.4584965305
2025-10-23,0.0,-0.0,1938.8309027480427,1086797.1262870408,1907562.8259130593,1909501.6568158076
2025-10-24,0.0,-0.0,1938.8309027480427,1086797.1262870408,1921584.3903125632,1923523.2212153114
2025-10-27,0.0,-0.0,1938.8309027480427,1086797.1262870408,1978534.2147988104,1980473.0457015585
2025-10-28,0.0,-0.0,1938.8309027480427,1086797.1262870408,1973454.9392886052,1975393.7701913535
2025-10-29,0.0,-0.0,1938.8309027480427,1086797.1262870408,1993083.2277761125,1995022.0586788605
2025-10-30,0.0,-0.0,1938.8309027480427,1086797.1262870408,1972764.7481808185,1974703.5790835663
2025-10-31,0.0,-0.0,1938.8309027480427,1086797.1262870408,1986953.74010894,1988892.571011688
2025-11-03,0.0,-0.0,1938.8309027480427,1086797.1262870408,1982376.2703216705,1984315.1012244185
2025-11-04,0.0,-0.0,1938.8309027480427,1086797.1262870408,1951646.2016146062,1953585.0325173542
2025-11-05,0.0,-0.0,1938.8309027480427,1086797.1262870408,1942210.7685010203,1944149.5994037683
2025-11-06,0.0,-0.0,1938.8309027480427,1086797.1262870408,1928993.3731907485,1930932.2040934965
2025-11-07,0.0,-0.0,1938.8309027480427,1086797.1262870408,1908758.3592379938,1910697.1901407419
2025-11-10,0.0,-0.0,1938.8309027480427,1086797.1262870408,1952143.5343529382,1954082.3652556862
2025-11-11,0.0,-0.0,1938.8309027480427,1086797.1262870408,1942110.491299539,1944049.3222022871
2025-11-12,0.0,-0.0,1938.8309027480427,1086797.1262870408,1950435.007500747,1952373.838403495
2025-11-13,0.0,-0.0,1938.8309027480427,1086797.1262870408,1916678.969266008,1918617.8001687562
2025-11-14,-2894.0,-955.1690972519573,0.0,1087752.2953842927,1895600.2060102813,1895600.2060102813
2025-11-17,0.0,-0.0,0.0,1087752.2953842927,1869146.674421807,1869146.674421807
2025-11-18,13165.0,-0.0,13165.0,1087752.2953842927,1831269.9661120304,1844434.9661120304
2025-11-19,0.0,-0.0,13165.0,1087752.2953842927,1827306.8986954316,1840471.8986954316
2025-11-20,0.0,-0.0,13165.0,1087752.2953842927,1836944.5599691786,1850109.5599691786
2025-11-21,0.0,-0.0,13165.0,1087752.2953842927,1810136.752220561,1823301.752220561
2025-11-24,0.0,-0.0,13165.0,1087752.2953842927,1842071.3294183402,1855236.3294183402
2025-11-25,0.0,-0.0,13165.0,1087752.2953842927,1869724.3199228381,1882889.3199228381
2025-11-26,0.0,-0.0,13165.0,1087752.2953842927,1901798.305801553,1914963.3058015532
2025-11-27,0.0,-0.0,13165.0,1087752.2953842927,1907844.91511669,1921009.91511669
2025-11-28,0.0,-0.0,13165.0,1087752.2953842927,1927609.924307057,1940774.924307057
2025-12-01,0.0,-0.0,13165.0,1087752.2953842927,1904193.210428186,1917358.210428186
2025-12-02,0.0,-0.0,13165.0,1087752.2953842927,1919822.660676152,1932987.660676152
2025-12-03,0.0,-0.0,13165.0,1087752.2953842927,1934600.303780872,1947765.303780872
2025-12-04,0.0,-0.0,13165.0,1087752.2953842927,1929532.1290120126,1942697.1290120124
2025-12-05,0.0,-0.0,13165.0,1087752.2953842927,1944481.807630237,1957646.8076302367
2025-12-08,0.0,-0.0,13165.0,1087752.2953842927,1952516.843475518,1965681.843475518
2025-12-09,0.0,-0.0,13165.0,1087752.2953842927,1948220.4434257594,1961385.4434257594
2025-12-10,0.0,-0.0,13165.0,1087752.2953842927,1963420.1179662095,1976585.1179662095
2025-12-11,0.0,-0.0,13165.0,1087752.2953842927,1942616.5829220926,1955781.5829220924
2025-12-12,0.0,-0.0,13165.0,1087752.2953842927,1925856.7425102836,1939021.7425102834
2025-12-15,0.0,-0.0,13165.0,1087752.2953842927,1909490.393526036,1922655.393526036
2025-12-16,-11367.440516376495,-0.0,1797.5594836235978,1087752.2953842927,1912149.0836232787,1913946.6431069023
2025-12-17,0.0,-0.0,1797.5594836235978,1087752.2953842927,1888043.5945519244,1889841.154035548
2025-12-18,-7082.0,-5284.440516376402,0.0,1093036.7359006691,1914433.6334609748,1914433.6334609748
2025-12-19,0.0,-0.0,0.0,1093036.7359006691,1939596.6904460643,1939596.6904460643
2025-12-22,1340.8060064697265,-0.0,1340.8060064697638,1093036.7359006691,1964528.357916562,1965869.1639230317
2025-12-23,0.0,-0.0,1340.8060064697638,1093036.7359006691,1977040.066488179,1978380.8724946487
2025-12-24,0.0,-0.0,1340.8060064697638,1093036.7359006691,1982889.66797295,1984230.4739794198
2025-12-25,0.0,-0.0,1340.8060064697638,1093036.7359006691,1982889.66797295,1984230.4739794198
2025-12-26,0.0,-0.0,1340.8060064697638,1093036.7359006691,1993987.9476712898,1995328.7536777596
2025-12-29,0.0,-0.0,1340.8060064697638,1093036.7359006691,1994550.9094530682,1995891.715459538
2025-12-30,517.0568866157531,-0.0,1857.862893085461,1093036.7359006691,1988630.9986974215,1990488.861590507
2025-12-31,128.41119947433472,-0.0,1986.2740925597027,1093036.7359006691,1979259.0555052825,1981245.3295978422
2026-01-01,0.0,-0.0,1986.2740925597027,1093036.7359006691,1979259.0555052825,1981245.3295978422
2026-01-02,0.0,-0.0,1986.2740925597027,1093036.7359006691,2003186.3062958906,2005172.5803884505
2026-01-05,0.0,-0.0,1986.2740925597027,1093036.7359006691,2059393.2775518512,2061379.5516444107
2026-01-06,0.0,-0.0,1986.2740925597027,1093036.7359006691,2089248.2100833594,2091234.484175919
2026-01-07,-11326.448600387574,-9340.174507827964,0.0,1102376.910408497,2082643.2249270023,2082643.2249270023
2026-01-08,-3175.0,-3175.0,0.0,1105551.910408497,2077683.3732809592,2077683.3732809592
2026-01-09,0.0,-0.0,0.0,1105551.910408497,2092749.211549961,2092749.211549961
2026-01-12,0.0,-0.0,0.0,1105551.910408497,2104936.024900115,2104936.024900115
2026-01-13,0.0,-0.0,0.0,1105551.910408497,2108185.9004408973,2108185.9004408973
2026-01-14,0.0,-0.0,0.0,1105551.910408497,2104958.135657493,2104958.135657493
2026-01-15,0.0,-0.0,0.0,1105551.910408497,2104222.8728817897,2104222.8728817897
2026-01-16,0.0,-0.0,0.0,1105551.910408497,2128741.790717024,2128741.790717024
2026-01-19,-3276.0,-3276.0,0.0,1108827.910408497,2144502.0303050512,2144502.0303050512
2026-01-20,0.0,-0.0,0.0,1108827.910408497,2108938.7378127836,2108938.7378127836
2026-01-21,0.0,-0.0,0.0,1108827.910408497,2117446.188791639,2117446.188791639
2026-01-22,0.0,-0.0,0.0,1108827.910408497,2146086.632793746,2146086.632793746
2026-01-23,0.0,-0.0,0.0,1108827.910408497,2160424.5052179173,2160424.5052179173
2026-01-26,0.0,-0.0,0.0,1108827.910408497,2161506.888404807,2161506.888404807
2026-01-27,0.0,-0.0,0.0,1108827.910408497,2187751.2343441914,2187751.2343441914
2026-01-28,0.0,-0.0,0.0,1108827.910408497,2203460.2147840904,2203460.2147840904
2026-01-29,0.0,-0.0,0.0,1108827.910408497,2191484.329307763,2191484.329307763
2026-01-30,0.0,-0.0,0.0,1108827.910408497,2152769.02760388,2152769.02760388
2026-02-02,0.0,-0.0,0.0,1108827.910408497,2139598.832097192,2139598.832097192
2026-02-03,0.0,-0.0,0.0,1108827.910408497,2150007.6713359393,2150007.6713359393
2026-02-04,0.0,-0.0,0.0,1108827.910408497,2131855.07193387,2131855.07193387
2026-02-05,0.0,-0.0,0.0,1108827.910408497,2092379.7540013308,2092379.7540013308
2026-02-06,0.0,-0.0,0.0,1108827.910408497,2115361.177674318,2115361.177674318
2026-02-09,0.0,-0.0,0.0,1108827.910408497,2166797.696061933,2166797.696061933
2026-02-10,0.0,-0.0,0.0,1108827.910408497,2192979.345831278,2192979.345831278
2026-02-11,0.0,-0.0,0.0,1108827.910408497,2224578.763109174,2224578.763109174
2026-02-12,0.0,-0.0,0.0,1108827.910408497,2196191.8808022654,2196191.8808022654
2026-02-13,0.0,-0.0,0.0,1108827.910408497,2202048.179778622,2202048.179778622
2026-02-16,0.0,-0.0,0.0,1108827.910408497,2200555.896965269,2200555.896965269
2026-02-17,0.0,-0.0,0.0,1108827.910408497,2198768.457733609,2198768.457733609
2026-02-18,0.0,-0.0,0.0,1108827.910408497,2208622.3805864267,2208622.3805864267
2026-02-19,0.0,-0.0,0.0,1108827.910408497,2209023.1416828507,2209023.1416828507
2026-02-20,0.0,-0.0,0.0,1108827.910408497,2221105.9824397517,2221105.9824397517
2026-02-23,0.0,-0.0,0.0,1108827.910408497,2204814.8415206494,2204814.8415206494
2026-02-24,0.0,-0.0,0.0,1108827.910408497,2263575.1683094664,2263575.1683094664
2026-02-25,0.0,-0.0,0.0,1108827.910408497,2315589.0105909114,2315589.0105909114
2026-02-26,0.0,-0.0,0.0,1108827.910408497,2303571.139787696,2303571.139787696
2026-02-27,0.0,-0.0,0.0,1108827.910408497,2299229.5906955437,2299229.5906955437
2026-03-02,0.0,-0.0,0.0,1108827.910408497,2283902.212475753,2283902.212475753
2026-03-03,0.0,-0.0,0.0,1108827.910408497,2231526.102803172,2231526.102803172
2026-03-04,-2418.448083019255,-2418.4480830193497,0.0,1111246.3584915164,2155318.032115144,2155318.032115144
2026-03-05,-2647.114629764561,-2647.1146297645755,0.0,1113893.473121281,2191077.1770008495,2191077.1770008495
2026-03-06,-114507.05232620239,-114507.05232620239,0.0,1228400.5254474834,2285387.7163648997,2285387.7163648997
2026-03-09,0.0,-0.0,0.0,1228400.5254474834,2227086.8286356283,2227086.8286356283
2026-03-10,0.0,-0.0,0.0,1228400.5254474834,2258297.339665593,2258297.339665593
2026-03-11,0.0,-0.0,0.0,1228400.5254474834,2319132.026844361,2319132.026844361
2026-03-12,0.0,-0.0,0.0,1228400.5254474834,2263829.8589869644,2263829.8589869644
2026-03-13,0.0,-0.0,0.0,1228400.5254474834,2244733.747785267,2244733.747785267
2026-03-16,0.0,-0.0,0.0,1228400.5254474834,2268328.183742354,2268328.183742354
2026-03-17,0.0,-0.0,0.0,1228400.5254474834,2292732.477972735,2292732.477972735
2026-03-18,0.0,-0.0,0.0,1228400.5254474834,2292567.140230874,2292567.140230874
2026-03-19,0.0,-0.0,0.0,1228400.5254474834,2254987.314794497,2254987.314794497
2026-03-20,0.0,-0.0,0.0,1228400.5254474834,2214070.8643819955,2214070.8643819955
2026-03-23,0.0,-0.0,0.0,1228400.5254474834,2198265.407356105,2198265.407356105
2026-03-24,0.0,-0.0,0.0,1228400.5254474834,2185675.353443131,2185675.353443131
2026-03-25,0.0,-0.0,0.0,1228400.5254474834,2212805.7731808266,2212805.7731808266
2026-03-26,0.0,-0.0,0.0,1228400.5254474834,2175651.50863748,2175651.50863748
2026-03-27,0.0,-0.0,0.0,1228400.5254474834,2138931.98782097,2138931.98782097
2026-03-30,0.0,-0.0,0.0,1228400.5254474834,2117608.2272226294,2117608.2272226294
2026-03-31,-34.92251159667969,-34.922511596698314,0.0,1228435.44795908,2137207.9495355147,2137207.9495355147
2026-04-01,0.0,-0.0,0.0,1228435.44795908,2215323.4852133007,2215323.4852133007
2026-04-02,0.0,-0.0,0.0,1228435.44795908,2183368.898398976,2183368.898398976
2026-04-03,0.0,-0.0,0.0,1228435.44795908,2181222.7431372902,2181222.7431372902
2026-04-06,16.940389652252197,-0.0,16.940389652270824,1228435.44795908,2190933.828343912,2190950.7687335643
2026-04-07,0.0,-0.0,16.940389652270824,1228435.44795908,2215559.063763317,2215576.0041529695
2026-04-08,0.0,-0.0,16.940389652270824,1228435.44795908,2342375.011774319,2342391.9521639715
2026-04-09,0.0,-0.0,16.940389652270824,1228435.44795908,2347210.3282200377,2347227.26860969
2026-04-10,0.0,-0.0,16.940389652270824,1228435.44795908,2380807.617178317,2380824.55756797
2026-04-13,0.0,-0.0,16.940389652270824,1228435.44795908,2397105.175608958,2397122.1159986104
2026-04-14,0.0,-0.0,16.940389652270824,1228435.44795908,2465523.7859787527,2465540.726368405
2026-04-15,0.0,-0.0,16.940389652270824,1228435.44795908,2506821.807574856,2506838.7479645084
2026-04-16,-3134.4,-3117.459610347636,0.0,1231552.9075694277,2539913.388334765,2539913.388334765
2026-04-17,0.0,-0.0,0.0,1231552.9075694277,2547111.491175611,2547111.491175611
2026-04-20,0.0,-0.0,0.0,1231552.9075694277,2550577.364232599,2550577.364232599
2026-04-21,0.0,-0.0,0.0,1231552.9075694277,2573350.595600067,2573350.595600067
2026-04-22,0.0,-0.0,0.0,1231552.9075694277,2608200.264556839,2608200.264556839
2026-04-23,0.0,-0.0,0.0,1231552.9075694277,2587725.032956952,2587725.032956952
2026-04-24,0.0,-0.0,0.0,1231552.9075694277,2692233.8718847753,2692233.8718847753
2026-04-27,0.0,-0.0,0.0,1231552.9075694277,2740250.4033525744,2740250.4033525744
2026-04-28,0.0,-0.0,0.0,1231552.9075694277,2707995.9135305327,2707995.9135305327
2026-04-29,0.0,-0.0,0.0,1231552.9075694277,2697949.9419949013,2697949.9419949013
2026-04-30,27300.0,-0.0,27300.0,1231552.9075694277,2684653.4490323165,2711953.4490323165
2026-05-01,0.0,-0.0,27300.0,1231552.9075694277,2697774.5830794126,2725074.5830794126
2026-05-04,0.0,-0.0,27300.0,1231552.9075694277,2777787.511673833,2805087.511673833
2026-05-05,0.0,-0.0,27300.0,1231552.9075694277,2805034.1540791006,2832334.1540791006
2026-05-06,31550.0,-0.0,58850.0,1231552.9075694277,2834588.4773796494,2893438.4773796494
2026-05-07,0.0,-0.0,58850.0,1231552.9075694277,2866724.3759579826,2925574.375957982
2026-05-08,0.0,-0.0,58850.0,1231552.9075694277,2885819.7125364034,2944669.7125364034
2026-05-11,0.0,-0.0,58850.0,1231552.9075694277,2892553.6375756194,2951403.6375756194
2026-05-12,0.0,-0.0,58850.0,1231552.9075694277,2878269.2040800746,2937119.2040800746
2026-05-13,0.0,-0.0,58850.0,1231552.9075694277,2878334.72806219,2937184.72806219
2026-05-14,0.0,-0.0,58850.0,1231552.9075694277,2904151.8174126614,2963001.8174126614
2026-05-15,0.0,-0.0,58850.0,1231552.9075694277,2850254.264418591,2909104.264418591
2026-05-18,0.0,-0.0,58850.0,1231552.9075694277,2832652.894873889,2891502.894873889
2026-05-19,0.0,-0.0,58850.0,1231552.9075694277,2784438.235322594,2843288.2353225937
2026-05-20,0.0,-0.0,58850.0,1231552.9075694277,2809437.5004791,2868287.5004791
2026-05-21,0.0,-0.0,58850.0,1231552.9075694277,2876055.2279142477,2934905.2279142477
2026-05-22,0.0,-0.0,58850.0,1231552.9075694277,2915550.278725922,2974400.2787259216
2026-05-25,0.0,-0.0,58850.0,1231552.9075694277,2980695.8384351376,3039545.838435138
2026-05-26,0.0,-0.0,58850.0,1231552.9075694277,3007892.9839228825,3066742.9839228825
2026-05-27,0.0,-0.0,58850.0,1231552.9075694277,3051724.4454024513,3110574.445402451
2026-05-28,0.0,-0.0,58850.0,1231552.9075694277,3028108.4147022436,3086958.414702243
2026-05-29,0.0,-0.0,58850.0,1231552.9075694277,3111921.0812324826,3170771.0812324826
2026-06-01,0.0,-0.0,58850.0,1231552.9075694277,3148811.5809281846,3207661.5809281846
2026-06-02,0.0,-0.0,58850.0,1231552.9075694277,3158692.339117014,3217542.339117014
2026-06-03,0.0,-0.0,58850.0,1231552.9075694277,3198830.778147505,3257680.778147505
2026-06-04,-2470.5,-0.0,56379.5,1231552.9075694277,3167747.9791129376,3224127.479112937
2026-06-05,0.0,-0.0,56379.5,1231552.9075694277,3019717.3415600243,3076096.841560024
2026-06-08,0.0,-0.0,56379.5,1231552.9075694277,2966274.5740608717,3022654.0740608717
2026-06-09,0.0,-0.0,56379.5,1231552.9075694277,2999402.429781234,3055781.9297812334
2026-06-10,0.0,-0.0,56379.5,1231552.9075694277,2889009.1572712767,2945388.657271277
2026-06-11,0.0,-0.0,56379.5,1231552.9075694277,2944725.306409826,3001104.8064098256
2026-06-12,0.0,-0.0,56379.5,1231552.9075694277,3004315.887681719,3060695.387681719
2026-06-15,-3526.746377029418,-0.0,52852.753622970544,1231552.9075694277,3145801.730308229,3198654.4839311996
2026-06-16,1071.3172297668457,-0.0,53924.07085273741,1231552.9075694277,3117138.0705114566,3171062.141364194
2026-06-17,0.0,-0.0,53924.07085273741,1231552.9075694277,3101193.4084518095,3155117.479304547
2026-06-18,0.0,-0.0,53924.07085273741,1231552.9075694277,3174225.6221184544,3228149.692971192
2026-06-19,0.0,-0.0,53924.07085273741,1231552.9075694277,3174111.214971538,3228035.285824276
2026-06-22,0.0,-0.0,53924.07085273741,1231552.9075694277,3260232.8598913555,3314156.930744093
2026-06-23,51.33294044494629,-0.0,53975.40379318246,1231552.9075694277,3161080.501031957,3215055.90482514
2026-06-24,0.0,-0.0,53975.40379318246,1231552.9075694277,3087922.5507750926,3141897.9545682753
2026-06-25,0.0,-0.0,53975.40379318246,1231552.9075694277,3107010.9853344103,3160986.389127593
2026-06-26,-5396.0,-0.0,48579.40379318246,1231552.9075694277,2995748.35808827,3044327.7618814525
2026-06-29,0.0,-0.0,48579.40379318246,1231552.9075694277,3081920.607429787,3130500.0112229693
2026-06-30,372.51237146377565,-0.0,48951.91616464616,1231552.9075694277,3185408.727981653,3234360.644146299
2026-07-01,-500.1184267807005,-0.0,48451.797737865476,1231552.9075694277,3188857.6560897753,3237309.4538276405
2026-07-02,0.0,-0.0,48451.797737865476,1231552.9075694277,3144768.238156202,3193220.035894067
2026-07-03,0.0,-0.0,48451.797737865476,1231552.9075694277,3140995.0446828348,3189446.8424207005
2026-07-06,0.0,-0.0,48451.797737865476,1231552.9075694277,3167781.9365152176,3216233.734253083
2026-07-07,0.0,-0.0,48451.797737865476,1231552.9075694277,3089794.7473297017,3138246.545067567
2026-07-08,0.0,-0.0,48451.797737865476,1231552.9075694277,3092697.68095426,3141149.478692125
2026-07-09,0.0,-0.0,48451.797737865476,1231552.9075694277,3115141.9922051,3163593.7899429654
2026-07-10,0.0,-0.0,48451.797737865476,1231552.9075694277,3121405.8997418433,3169857.697479709
2026-07-13,0.0,-0.0,48451.797737865476,1231552.9075694277,3090374.603122038,3138826.4008599035
2026-07-14,0.0,-0.0,48451.797737865476,1231552.9075694277,3078295.1439761077,3126746.9417139734
2026-07-15,0.0,-0.0,48451.797737865476,1231552.9075694277,3111660.0413898067,3160111.839127672
2026-07-16,0.0,-0.0,48451.797737865476,1231552.9075694277,3070683.8544341023,3119135.6521719676
2026-07-17,0.0,-0.0,48451.797737865476,1231552.9075694277,2888834.958674564,2937286.7564124293
2026-07-20,-3802.5,-0.0,44649.297737865476,1231552.9075694277,2885037.0092668603,2929686.3070047256
2026-07-21,0.0,-0.0,44649.297737865476,1231552.9075694277,2994575.022301888,3039224.320039754
2026-07-22,0.0,-0.0,44649.297737865476,1231552.9075694277,3006781.6058318727,3051430.903569738
2026-07-23,0.0,-0.0,44649.297737865476,1231552.9075694277,2978481.5248643756,3023130.822602241
2026-07-24,0.0,-0.0,44649.297737865476,1231552.9075694277,2907903.182036044,2952552.4797739093
2026-07-27,0.0,-0.0,44649.297737865476,1231552.9075694277,2903954.5414405554,2948603.8391784206
2026-07-28,-3775.0,-0.0,40874.297737865476,1231552.9075694277,2795842.65751597,2836716.955253836
2026-07-29,0.0,-0.0,40874.297737865476,1231552.9075694277,2688814.541422593,2729688.8391604587
2026-07-30,0.0,-0.0,40874.297737865476,1231552.9075694277,2741482.94451962,2782357.242257485
2026-07-31,0.0,-0.0,40874.297737865476,1231552.9075694277,2940447.38797721,2981321.685715075
2026-08-03,0.0,-0.0,40874.297737865476,1231552.9075694277,2941785.575319304,2982659.8730571694
2026-08-04,0.0,-0.0,40874.297737865476,1231552.9075694277,2990112.798284385,3030987.0960222506
2026-08-05,0.0,-0.0,40874.297737865476,1231552.9075694277,3042689.9032284818,3083564.2009663475
2026-08-06,0.0,-0.0,40874.297737865476,1231552.9075694277,3018091.7314263997,3058966.029164265
2026-08-07,0.0,-0.0,40874.297737865476,1231552.9075694277,3031472.9858400677,3072347.2835779334
2026-08-10,19213.0,-0.0,60087.297737865476,1231552.9075694277,3060866.8400925975,3120954.1378304632
2026-08-11,0.0,-0.0,60087.297737865476,1231552.9075694277,3056251.6795708733,3116338.9773087385
2026-08-12,0.0,-0.0,60087.297737865476,1231552.9075694277,3088933.228051841,3149020.525789706
2026-08-13,0.0,-0.0,60087.297737865476,1231552.9075694277,3141221.3502294957,3201308.6479673614
2026-08-14,0.0,-0.0,60087.297737865476,1231552.9075694277,3119003.773176361,3179091.070914226
2026-08-17,0.0,-0.0,60087.297737865476,1231552.9075694277,3115170.632031014,3175257.92976888
2026-08-18,-4668.0,-0.0,55419.297737865476,1231552.9075694277,3046164.479778383,3101583.777516248
2026-08-19,0.0,-0.0,55419.297737865476,1231552.9075694277,3013491.338882923,3068910.636620789
2026-08-20,0.0,-0.0,55419.297737865476,1231552.9075694277,3003890.2307225573,3059309.528460423
2026-08-21,0.0,-0.0,55419.297737865476,1231552.9075694277,3029461.19307701,3084880.490814876
2026-08-24,0.0,-0.0,55419.297737865476,1231552.9075694277,2992565.1084940434,3047984.406231909
2026-08-25,0.0,-0.0,55419.297737865476,1231552.9075694277,3019410.2099919124,3074829.5077297776
2026-08-26,0.0,-0.0,55419.297737865476,1231552.9075694277,3055045.5140183712,3110464.811756237
2026-08-27,0.0,-0.0,55419.297737865476,1231552.9075694277,3084756.6548145814,3140175.9525524466
2026-08-28,0.0,-0.0,55419.297737865476,1231552.9075694277,3080944.8925501322,3136364.190287998
2026-08-31,0.0,-0.0,55419.297737865476,1231552.9075694277,3061049.7196231103,3116469.0173609755
2026-09-01,0.0,-0.0,55419.297737865476,1231552.9075694277,3087984.762128241,3143404.059866106
2026-09-02,-6127.2,-0.0,49292.09773786552,1231552.9075694277,3061807.6407682775,3111099.738506143
2026-09-03,0.0,-0.0,49292.09773786552,1231552.9075694277,3074286.9204152804,3123579.018153146
2026-09-04,0.0,-0.0,49292.09773786552,1231552.9075694277,3109756.139877324,3159048.237615189
2026-09-07,0.0,-0.0,49292.09773786552,1231552.9075694277,3146562.6453110473,3195854.743048913
2026-09-08,0.0,-0.0,49292.09773786552,1231552.9075694277,3124770.6431489787,3174062.740886844
2026-09-09,0.0,-0.0,49292.09773786552,1231552.9075694277,3118337.1217030305,3167629.219440896
2026-09-10,0.0,-0.0,49292.09773786552,1231552.9075694277,3085956.7386399694,3135248.8363778354
2026-09-11,0.0,-0.0,49292.09773786552,1231552.9075694277,3074356.642207859,3123648.7399457246
2026-09-14,0.0,-0.0,49292.09773786552,1231552.9075694277,3043819.231190358,3093111.3289282233
2026-09-15,0.0,-0.0,49292.09773786552,1231552.9075694277,3022120.440503435,3071412.5382413007
2026-09-16,0.0,-0.0,49292.09773786552,1231552.9075694277,3035959.786561513,3085251.8842993784
2026-09-17,0.0,-0.0,49292.09773786552,1231552.9075694277,3100285.315674954,3149577.4134128196
2026-09-18,0.0,-0.0,49292.09773786552,1231552.9075694277,3148196.1179193286,3197488.215657194
2026-09-21,0.0,-0.0,49292.09773786552,1231552.9075694277,3230906.721716334,3280198.8194541996
2026-09-22,0.0,-0.0,49292.09773786552,1231552.9075694277,3247116.6492848997,3296408.747022765
2026-09-23,0.0,-0.0,49292.09773786552,1231552.9075694277,3239244.921472951,3288537.019210817
2026-09-24,0.0,-0.0,49292.09773786552,1231552.9075694277,3240145.051708946,3289437.1494468115
2026-09-25,0.0,-0.0,49292.09773786552,1231552.9075694277,3251510.4313337193,3300802.529071585
2026-09-28,0.0,-0.0,49292.09773786552,1231552.9075694277,3253100.7413350926,3302392.839072958
